trade_date,symbol,name,open,high,low,close,volume,amount
2021-01-04,688981.SH,中芯国际,58.37,59.06,56.75,58.26,396526,2305861381.0
2021-01-05,688981.SH,中芯国际,57.0,58.79,56.8,58.77,388172,2255983763.0
2021-01-06,688981.SH,中芯国际,58.66,61.88,58.44,60.55,518865,3133441233.0
2021-01-07,688981.SH,中芯国际,60.96,61.68,57.81,59.23,435909,2593184284.0
2021-01-08,688981.SH,中芯国际,58.71,61.85,58.03,61.59,599996,3646079780.0
2021-01-11,688981.SH,中芯国际,62.25,65.5,62.25,62.7,727854,4652871376.0
2021-01-12,688981.SH,中芯国际,63.1,64.1,61.9,63.84,429610,2724540500.0
2021-01-13,688981.SH,中芯国际,63.98,64.59,62.15,62.66,452950,2861191587.0
2021-01-14,688981.SH,中芯国际,63.0,65.78,61.85,64.14,693553,4461460094.0
2021-01-15,688981.SH,中芯国际,65.0,65.59,61.52,61.6,628584,3989010247.0
2021-01-18,688981.SH,中芯国际,60.85,62.88,60.0,61.68,661142,4061153493.0
2021-01-19,688981.SH,中芯国际,62.0,62.7,60.4,60.48,459129,2826514119.0
2021-01-20,688981.SH,中芯国际,60.99,61.09,58.91,59.41,452404,2694244587.0
2021-01-21,688981.SH,中芯国际,59.41,60.35,58.45,59.31,480625,2853421187.0
2021-01-22,688981.SH,中芯国际,59.31,59.9,57.04,57.15,461686,2681317842.0
2021-01-25,688981.SH,中芯国际,56.64,58.58,55.82,58.02,361340,2082488409.0
2021-01-26,688981.SH,中芯国际,58.04,59.78,57.8,59.78,542458,3199844123.0
2021-01-27,688981.SH,中芯国际,59.8,59.95,57.5,57.72,337522,1967491697.0
2021-01-28,688981.SH,中芯国际,56.68,57.69,56.03,56.04,256342,1455062584.0
2021-01-29,688981.SH,中芯国际,56.66,57.26,55.3,56.18,258210,1448643338.0
2021-02-01,688981.SH,中芯国际,56.07,57.18,56.07,57.02,201425,1143820904.0
2021-02-02,688981.SH,中芯国际,57.0,57.19,55.75,55.98,202151,1137667486.0
2021-02-03,688981.SH,中芯国际,55.65,56.0,53.71,53.92,316663,1726524334.0
2021-02-04,688981.SH,中芯国际,53.71,54.99,53.52,54.67,274910,1491481834.0
2021-02-05,688981.SH,中芯国际,54.99,54.99,52.02,52.06,419230,2225317303.0
2021-02-08,688981.SH,中芯国际,52.22,52.88,51.83,52.01,238275,1244864068.0
2021-02-09,688981.SH,中芯国际,52.07,53.84,51.85,53.71,258838,1375842841.0
2021-02-10,688981.SH,中芯国际,53.71,54.28,53.03,54.03,216627,1164931822.0
2021-02-18,688981.SH,中芯国际,55.08,59.16,54.72,57.94,584020,3350135652.0
2021-02-19,688981.SH,中芯国际,57.3,58.44,57.13,58.4,286567,1658872963.0
2021-02-22,688981.SH,中芯国际,58.55,59.8,57.17,57.48,354569,2078524524.0
2021-02-23,688981.SH,中芯国际,57.0,58.26,56.5,57.39,263080,1509192826.0
2021-02-24,688981.SH,中芯国际,57.38,58.66,56.81,57.39,285678,1648611183.0
2021-02-25,688981.SH,中芯国际,57.65,57.95,56.25,56.26,215786,1228683392.0
2021-02-26,688981.SH,中芯国际,55.15,55.88,54.84,55.16,223041,1234884165.0
2021-03-01,688981.SH,中芯国际,55.68,57.78,55.68,57.75,296614,1684567444.0
2021-03-02,688981.SH,中芯国际,60.1,60.5,58.0,58.49,460036,2717820202.0
2021-03-03,688981.SH,中芯国际,58.21,58.8,57.8,58.67,235678,1375470442.0
2021-03-04,688981.SH,中芯国际,60.31,61.6,58.96,59.31,621416,3751645338.0
2021-03-05,688981.SH,中芯国际,58.0,58.91,57.71,58.52,281585,1642365458.0
2021-03-08,688981.SH,中芯国际,58.99,59.16,56.58,56.66,299902,1735926224.0
2021-03-09,688981.SH,中芯国际,56.5,56.56,53.57,54.58,295620,1630197321.0
2021-03-10,688981.SH,中芯国际,55.4,56.05,54.3,54.77,161807,890935898.0
2021-03-11,688981.SH,中芯国际,55.06,58.85,54.7,57.79,374535,2141930501.0
2021-03-12,688981.SH,中芯国际,57.0,58.25,56.76,57.72,208071,1197191107.0
2021-03-15,688981.SH,中芯国际,57.2,57.2,55.4,55.74,226351,1272870398.0
2021-03-16,688981.SH,中芯国际,55.81,56.15,54.5,54.88,228642,1258066787.0
2021-03-17,688981.SH,中芯国际,54.64,56.05,54.44,55.73,175466,975129603.0
2021-03-18,688981.SH,中芯国际,56.3,56.75,55.48,55.48,168705,944637540.0
2021-03-19,688981.SH,中芯国际,54.88,55.8,54.6,54.97,177402,976849240.0
2021-03-22,688981.SH,中芯国际,55.0,55.68,54.89,55.41,140307,776340936.0
2021-03-23,688981.SH,中芯国际,55.63,56.46,54.9,55.28,174533,973278180.0
2021-03-24,688981.SH,中芯国际,54.88,55.05,53.98,54.23,163855,891018142.0
2021-03-25,688981.SH,中芯国际,54.11,54.66,52.89,52.98,217798,1169660499.0
2021-03-26,688981.SH,中芯国际,53.25,53.96,53.01,53.79,158696,850282285.0
2021-03-29,688981.SH,中芯国际,53.88,55.23,53.88,54.35,176648,963074391.0
2021-03-30,688981.SH,中芯国际,54.69,54.69,54.01,54.36,120009,652183195.0
2021-03-31,688981.SH,中芯国际,54.37,54.37,53.6,54.32,105789,570868625.0
2021-04-01,688981.SH,中芯国际,54.95,56.29,54.61,55.89,286941,1598274233.0
2021-04-02,688981.SH,中芯国际,57.21,59.48,57.21,58.77,549135,3221558909.0
2021-04-06,688981.SH,中芯国际,59.2,59.2,58.01,58.31,252376,1474629019.0
2021-04-07,688981.SH,中芯国际,58.31,58.62,57.52,58.35,220493,1278871886.0
2021-04-08,688981.SH,中芯国际,58.01,58.8,56.8,56.8,247282,1428969361.0
2021-04-09,688981.SH,中芯国际,56.9,57.3,56.55,57.02,176418,1004520838.0
2021-04-12,688981.SH,中芯国际,56.92,57.62,56.04,56.05,176585,1002579940.0
2021-04-13,688981.SH,中芯国际,56.06,56.84,55.55,55.86,157407,884394521.0
2021-04-14,688981.SH,中芯国际,56.0,56.68,55.41,56.47,188559,1057655930.0
2021-04-15,688981.SH,中芯国际,56.11,57.36,55.76,57.06,187247,1058090512.0
2021-04-16,688981.SH,中芯国际,56.55,56.8,55.83,56.31,178983,1007888373.0
2021-04-19,688981.SH,中芯国际,56.24,57.08,55.8,57.05,217924,1233959281.0
2021-04-20,688981.SH,中芯国际,56.71,57.2,55.88,55.89,211701,1195760462.0
2021-04-21,688981.SH,中芯国际,55.61,55.61,54.5,54.73,231157,1268634435.0
2021-04-22,688981.SH,中芯国际,54.99,55.58,54.8,55.3,163364,901689649.0
2021-04-23,688981.SH,中芯国际,55.55,55.55,55.0,55.17,129122,713566382.0
2021-04-26,688981.SH,中芯国际,55.31,56.28,54.51,54.51,229329,1269892513.0
2021-04-27,688981.SH,中芯国际,54.4,55.24,53.93,55.0,147597,807054878.0
2021-04-28,688981.SH,中芯国际,54.88,55.55,54.62,55.36,152546,841024257.0
2021-04-29,688981.SH,中芯国际,55.55,56.25,55.2,55.49,160579,895056391.0
2021-04-30,688981.SH,中芯国际,55.56,55.77,54.57,54.68,159154,875717341.0
2021-05-06,688981.SH,中芯国际,54.66,55.09,54.51,54.74,114969,629882693.0
2021-05-07,688981.SH,中芯国际,54.75,54.98,53.69,53.77,169292,915759755.0
2021-05-10,688981.SH,中芯国际,53.77,54.07,53.0,54.04,125712,673897041.0
2021-05-11,688981.SH,中芯国际,53.8,53.89,53.18,53.83,106921,572885841.0
2021-05-12,688981.SH,中芯国际,53.73,55.5,53.6,55.47,248549,1363564354.0
2021-05-13,688981.SH,中芯国际,54.5,55.95,54.5,55.82,209786,1161245083.0
2021-05-14,688981.SH,中芯国际,56.7,56.98,55.6,55.86,260449,1461460270.0
2021-05-17,688981.SH,中芯国际,55.62,56.4,55.05,55.08,203770,1134727004.0
2021-05-18,688981.SH,中芯国际,55.19,55.19,54.49,54.99,121147,663834121.0
2021-05-19,688981.SH,中芯国际,54.8,55.2,54.58,54.79,102910,564538564.0
2021-05-20,688981.SH,中芯国际,54.64,55.0,54.15,54.33,144058,785966199.0
2021-05-21,688981.SH,中芯国际,54.55,54.78,54.0,54.07,109137,592535864.0
2021-05-24,688981.SH,中芯国际,54.0,55.18,53.83,55.13,162731,887616280.0
2021-05-25,688981.SH,中芯国际,55.29,55.66,54.94,55.56,208734,1156043668.0
2021-05-26,688981.SH,中芯国际,55.58,55.99,55.12,55.13,180366,1001392933.0
2021-05-27,688981.SH,中芯国际,55.01,57.86,54.91,56.87,481410,2733046833.0
2021-05-28,688981.SH,中芯国际,56.3,56.56,55.61,55.78,247720,1389380093.0
2021-05-31,688981.SH,中芯国际,56.32,56.67,56.01,56.27,186239,1048902213.0
2021-06-01,688981.SH,中芯国际,56.37,57.75,55.98,57.02,320394,1832324305.0
2021-06-02,688981.SH,中芯国际,56.91,56.98,55.79,55.8,223124,1252877396.0
2021-06-03,688981.SH,中芯国际,55.89,56.24,55.33,55.36,142152,793335908.0
2021-06-04,688981.SH,中芯国际,54.99,55.96,54.54,55.14,181822,1003917547.0
2021-06-07,688981.SH,中芯国际,56.0,56.88,56.0,56.18,227528,1282246127.0
2021-06-08,688981.SH,中芯国际,56.2,56.65,55.62,55.73,173104,969595185.0
2021-06-09,688981.SH,中芯国际,55.77,56.65,55.76,56.24,177010,996135459.0
2021-06-10,688981.SH,中芯国际,56.32,56.87,55.9,56.86,273542,1543653844.0
2021-06-11,688981.SH,中芯国际,56.78,56.83,55.46,55.62,227673,1276661250.0
2021-06-15,688981.SH,中芯国际,55.6,55.88,54.99,55.0,183179,1012327349.0
2021-06-16,688981.SH,中芯国际,54.99,55.8,54.8,55.05,156520,863789520.0
2021-06-17,688981.SH,中芯国际,55.16,60.6,55.04,59.17,911284,5293100447.0
2021-06-18,688981.SH,中芯国际,59.34,59.78,58.01,58.57,545831,3211108136.0
2021-06-21,688981.SH,中芯国际,58.3,58.86,57.38,57.67,398070,2304196783.0
2021-06-22,688981.SH,中芯国际,57.91,58.15,56.87,57.08,294812,1688828531.0
2021-06-23,688981.SH,中芯国际,57.3,59.47,57.11,58.54,511088,2998227621.0
2021-06-24,688981.SH,中芯国际,58.53,59.11,57.55,57.7,273520,1591158654.0
2021-06-25,688981.SH,中芯国际,57.76,59.99,57.76,59.31,474989,2815476231.0
2021-06-28,688981.SH,中芯国际,59.85,60.19,58.86,59.06,341515,2031203071.0
2021-06-29,688981.SH,中芯国际,59.1,60.08,58.7,59.25,291409,1729638555.0
2021-06-30,688981.SH,中芯国际,59.69,62.5,59.4,61.82,777951,4787665054.0
2021-07-01,688981.SH,中芯国际,61.3,61.85,60.0,60.33,492827,2993921822.0
2021-07-02,688981.SH,中芯国际,60.13,60.15,58.05,58.13,382361,2249100804.0
2021-07-05,688981.SH,中芯国际,57.51,58.65,57.22,58.37,317237,1838941674.0
2021-07-06,688981.SH,中芯国际,58.25,58.45,56.41,57.14,325271,1867681155.0
2021-07-07,688981.SH,中芯国际,56.61,57.69,56.5,57.51,211204,1206741364.0
2021-07-08,688981.SH,中芯国际,57.74,58.98,57.47,58.3,335924,1962285342.0
2021-07-09,688981.SH,中芯国际,57.75,58.0,56.69,56.91,301646,1720705501.0
2021-07-12,688981.SH,中芯国际,56.88,57.36,55.68,56.61,327691,1852128143.0
2021-07-13,688981.SH,中芯国际,56.61,57.74,56.41,57.04,250584,1431475045.0
2021-07-14,688981.SH,中芯国际,57.05,57.25,55.95,56.0,241984,1369952305.0
2021-07-15,688981.SH,中芯国际,56.02,56.15,55.05,55.17,261147,1445777487.0
2021-07-16,688981.SH,中芯国际,55.78,56.19,54.0,54.03,590004,3213342861.0
2021-07-19,688981.SH,中芯国际,53.6,53.6,51.21,51.8,646303,3368021975.0
2021-07-20,688981.SH,中芯国际,51.0,52.1,50.6,51.88,361238,1862753237.0
2021-07-21,688981.SH,中芯国际,51.9,53.04,51.44,52.6,370915,1944113114.0
2021-07-22,688981.SH,中芯国际,52.64,53.42,52.48,53.0,334855,1774602427.0
2021-07-23,688981.SH,中芯国际,53.0,53.05,51.76,51.88,289753,1513167307.0
2021-07-26,688981.SH,中芯国际,51.85,57.32,51.12,57.2,976654,5346218473.0
2021-07-27,688981.SH,中芯国际,57.4,68.64,57.4,64.4,3080129,19931857929.0
2021-07-28,688981.SH,中芯国际,62.95,63.49,58.28,59.26,1728505,10445118042.0
2021-07-29,688981.SH,中芯国际,60.4,64.58,59.37,62.27,1442744,8933640674.0
2021-07-30,688981.SH,中芯国际,61.25,66.66,60.9,64.69,1270934,8219565719.0
2021-08-02,688981.SH,中芯国际,65.53,70.7,65.0,67.36,1469003,9968123583.0
2021-08-03,688981.SH,中芯国际,66.66,67.16,62.21,62.75,1143229,7349419533.0
2021-08-04,688981.SH,中芯国际,62.8,65.18,62.8,63.95,743745,4757252691.0
2021-08-05,688981.SH,中芯国际,65.66,67.66,64.63,67.2,1072446,7129748941.0
2021-08-06,688981.SH,中芯国际,74.0,74.9,67.44,67.46,1501489,10495065683.0
2021-08-09,688981.SH,中芯国际,65.79,66.16,63.5,64.03,942012,6073021844.0
2021-08-10,688981.SH,中芯国际,63.81,64.45,60.9,62.34,884383,5529782332.0
2021-08-11,688981.SH,中芯国际,61.88,62.55,61.21,61.51,486806,3005201162.0
2021-08-12,688981.SH,中芯国际,61.88,63.27,61.73,62.09,492436,3069985222.0
2021-08-13,688981.SH,中芯国际,61.06,61.06,58.2,58.38,951216,5625454033.0
2021-08-16,688981.SH,中芯国际,58.39,59.7,57.78,58.75,396435,2331854054.0
2021-08-17,688981.SH,中芯国际,58.76,59.3,57.04,57.09,440802,2552707762.0
2021-08-18,688981.SH,中芯国际,57.09,57.97,56.97,57.92,266534,1531576214.0
2021-08-19,688981.SH,中芯国际,57.9,59.68,57.45,59.17,445650,2622520580.0
2021-08-20,688981.SH,中芯国际,58.74,60.09,58.28,59.31,377857,2239898242.0
2021-08-23,688981.SH,中芯国际,59.28,59.8,58.43,59.41,332189,1970352493.0
2021-08-24,688981.SH,中芯国际,59.53,60.88,59.29,59.79,422778,2539659466.0
2021-08-25,688981.SH,中芯国际,60.06,60.42,58.66,59.02,281574,1662727168.0
2021-08-26,688981.SH,中芯国际,59.5,60.66,58.87,58.91,395907,2370264143.0
2021-08-27,688981.SH,中芯国际,58.77,58.85,57.51,57.92,320514,1857969299.0
2021-08-30,688981.SH,中芯国际,59.05,59.69,57.85,58.09,385960,2266157528.0
2021-08-31,688981.SH,中芯国际,58.0,58.0,54.91,55.69,575083,3216513755.0
2021-09-01,688981.SH,中芯国际,55.72,56.52,54.62,55.97,390190,2163974882.0
2021-09-02,688981.SH,中芯国际,55.6,56.22,54.99,55.19,296791,1645804201.0
2021-09-03,688981.SH,中芯国际,55.1,57.86,54.86,56.77,506098,2856085741.0
2021-09-06,688981.SH,中芯国际,56.27,57.21,55.5,56.82,318116,1798060943.0
2021-09-07,688981.SH,中芯国际,56.7,57.57,56.51,56.94,242620,1382965340.0
2021-09-08,688981.SH,中芯国际,56.98,57.4,56.61,57.0,274250,1563752303.0
2021-09-09,688981.SH,中芯国际,56.97,57.24,56.0,56.59,279279,1577691514.0
2021-09-10,688981.SH,中芯国际,56.21,58.78,56.2,58.27,551772,3196782068.0
2021-09-13,688981.SH,中芯国际,57.98,58.43,57.3,57.68,277104,1598770835.0
2021-09-14,688981.SH,中芯国际,57.53,58.56,57.08,57.22,298298,1726486472.0
2021-09-15,688981.SH,中芯国际,57.01,57.18,56.28,56.36,225308,1274970317.0
2021-09-16,688981.SH,中芯国际,56.08,56.66,55.1,55.11,243994,1361179242.0
2021-09-17,688981.SH,中芯国际,55.01,55.88,55.01,55.65,174117,966691547.0
2021-09-22,688981.SH,中芯国际,55.1,56.2,55.05,55.25,228734,1268190769.0
2021-09-23,688981.SH,中芯国际,55.35,55.88,55.2,55.33,232031,1287415623.0
2021-09-24,688981.SH,中芯国际,55.39,55.54,54.0,54.04,312361,1709059687.0
2021-09-27,688981.SH,中芯国际,54.61,55.58,54.34,54.66,257564,1415811323.0
2021-09-28,688981.SH,中芯国际,54.67,54.93,53.66,54.03,180619,976778340.0
2021-09-29,688981.SH,中芯国际,53.65,56.65,53.43,55.54,454323,2508981229.0
2021-09-30,688981.SH,中芯国际,55.45,55.98,54.92,55.2,172404,953616540.0
2021-10-08,688981.SH,中芯国际,55.79,56.2,55.21,55.77,174402,971065714.0
2021-10-11,688981.SH,中芯国际,56.0,56.3,55.31,55.41,203860,1136273712.0
2021-10-12,688981.SH,中芯国际,55.05,55.38,54.06,54.48,178926,975904763.0
2021-10-13,688981.SH,中芯国际,54.37,55.3,54.22,54.39,195599,1068902429.0
2021-10-14,688981.SH,中芯国际,54.45,54.48,53.95,54.17,145403,788098497.0
2021-10-15,688981.SH,中芯国际,54.27,55.43,54.22,54.98,222305,1222241994.0
2021-10-18,688981.SH,中芯国际,54.7,54.8,53.93,54.15,206871,1121646107.0
2021-10-19,688981.SH,中芯国际,54.28,54.68,54.15,54.47,124875,679470051.0
2021-10-20,688981.SH,中芯国际,54.66,54.86,54.18,54.23,134046,729191851.0
2021-10-21,688981.SH,中芯国际,54.1,54.26,53.54,53.72,176173,947735518.0
2021-10-22,688981.SH,中芯国际,54.47,56.45,54.43,55.79,553158,3079105894.0
2021-10-25,688981.SH,中芯国际,55.2,55.53,54.79,55.49,228931,1262230170.0
2021-10-26,688981.SH,中芯国际,55.52,56.17,54.86,55.0,224405,1246931512.0
2021-10-27,688981.SH,中芯国际,54.95,54.95,54.02,54.12,173183,939972646.0
2021-10-28,688981.SH,中芯国际,54.11,55.0,54.01,54.24,154081,837666255.0
2021-10-29,688981.SH,中芯国际,54.4,55.38,54.1,55.04,209310,1150501588.0
2021-11-01,688981.SH,中芯国际,54.8,55.48,54.6,55.35,191831,1057675854.0
2021-11-02,688981.SH,中芯国际,55.65,57.07,55.6,55.99,568163,3208906279.0
2021-11-03,688981.SH,中芯国际,55.99,57.17,55.48,56.99,404008,2277206463.0
2021-11-04,688981.SH,中芯国际,56.98,57.68,56.61,56.83,330819,1887764441.0
2021-11-05,688981.SH,中芯国际,57.39,58.39,56.91,57.27,394946,2276380692.0
2021-11-08,688981.SH,中芯国际,56.54,56.9,55.55,56.01,278439,1560658020.0
2021-11-09,688981.SH,中芯国际,56.29,59.55,56.04,58.49,623422,3624897376.0
2021-11-10,688981.SH,中芯国际,58.08,59.53,57.92,59.38,473949,2787387336.0
2021-11-11,688981.SH,中芯国际,59.1,60.17,57.68,58.45,777424,4573712387.0
2021-11-12,688981.SH,中芯国际,56.51,56.75,55.11,56.16,843565,4726329621.0
2021-11-15,688981.SH,中芯国际,56.16,56.52,55.87,56.28,254497,1429028481.0
2021-11-16,688981.SH,中芯国际,56.34,56.37,55.03,55.07,316150,1758187360.0
2021-11-17,688981.SH,中芯国际,55.04,55.71,54.61,55.26,231262,1274820428.0
2021-11-18,688981.SH,中芯国际,55.0,55.33,54.52,54.57,237462,1302965065.0
2021-11-19,688981.SH,中芯国际,54.56,54.89,54.3,54.71,223466,1219942400.0
2021-11-22,688981.SH,中芯国际,54.72,55.55,54.67,55.34,348620,1922577069.0
2021-11-23,688981.SH,中芯国际,55.16,55.22,54.88,54.91,256891,1412602232.0
2021-11-24,688981.SH,中芯国际,55.16,55.39,54.73,54.77,250232,1375870540.0
2021-11-25,688981.SH,中芯国际,54.77,55.47,54.6,55.0,238028,1311617131.0
2021-11-26,688981.SH,中芯国际,54.81,55.02,54.15,54.25,272853,1485222095.0
2021-11-29,688981.SH,中芯国际,53.9,54.67,53.71,54.25,160235,869076639.0
2021-11-30,688981.SH,中芯国际,54.45,54.67,54.07,54.26,148725,808260860.0
2021-12-01,688981.SH,中芯国际,54.26,54.65,54.19,54.5,151770,825388380.0
2021-12-02,688981.SH,中芯国际,54.45,54.86,54.31,54.8,191349,1045145733.0
2021-12-03,688981.SH,中芯国际,54.82,55.29,54.8,55.03,221857,1219842373.0
2021-12-06,688981.SH,中芯国际,55.03,55.08,54.01,54.04,284127,1541212509.0
2021-12-07,688981.SH,中芯国际,54.22,54.25,53.69,54.05,203078,1095290037.0
2021-12-08,688981.SH,中芯国际,54.08,54.41,53.86,54.24,225865,1222281414.0
2021-12-09,688981.SH,中芯国际,54.1,55.06,54.05,54.95,312815,1710008783.0
2021-12-10,688981.SH,中芯国际,54.7,56.56,54.63,56.4,702222,3928202462.0
2021-12-13,688981.SH,中芯国际,56.02,56.5,55.82,56.01,319839,1794503026.0
2021-12-14,688981.SH,中芯国际,56.05,56.05,54.95,55.01,255023,1410117726.0
2021-12-15,688981.SH,中芯国际,54.88,55.26,54.01,54.13,289074,1575159096.0
2021-12-16,688981.SH,中芯国际,53.76,53.76,52.5,53.44,392657,2086665447.0
2021-12-17,688981.SH,中芯国际,53.45,53.88,53.23,53.49,166524,890429668.0
2021-12-20,688981.SH,中芯国际,53.22,53.42,52.67,52.87,207992,1100964042.0
2021-12-21,688981.SH,中芯国际,52.96,53.13,52.83,53.08,147369,781218270.0
2021-12-22,688981.SH,中芯国际,53.16,53.25,52.96,53.02,155228,823852300.0
2021-12-23,688981.SH,中芯国际,53.05,53.13,52.69,52.79,127387,672845095.0
2021-12-24,688981.SH,中芯国际,52.9,53.04,52.51,52.56,135848,715087060.0
2021-12-27,688981.SH,中芯国际,52.53,53.0,52.53,52.7,103070,544100841.0
2021-12-28,688981.SH,中芯国际,52.83,53.45,52.7,53.17,125500,664007914.0
2021-12-29,688981.SH,中芯国际,53.13,53.15,52.62,52.73,116562,615527723.0
2021-12-30,688981.SH,中芯国际,52.75,53.16,52.68,52.89,157215,832728112.0
2021-12-31,688981.SH,中芯国际,52.9,53.45,52.74,52.99,143073,758944269.0
2022-01-04,688981.SH,中芯国际,53.1,53.22,52.8,53.14,138316,732844660.0
2022-01-05,688981.SH,中芯国际,53.22,53.22,52.67,52.88,167429,885473653.0
2022-01-06,688981.SH,中芯国际,52.7,53.03,52.69,52.8,119781,633215552.0
2022-01-07,688981.SH,中芯国际,52.96,53.07,52.8,52.83,128315,678678039.0
2022-01-10,688981.SH,中芯国际,52.98,52.99,52.69,52.88,110513,583786544.0
2022-01-11,688981.SH,中芯国际,52.89,52.96,52.71,52.75,121069,639306951.0
2022-01-12,688981.SH,中芯国际,52.87,52.96,52.75,52.89,117350,620376241.0
2022-01-13,688981.SH,中芯国际,52.88,52.9,52.02,52.06,226547,1187662694.0
2022-01-14,688981.SH,中芯国际,52.0,52.0,51.04,51.09,230794,1189700211.0
2022-01-17,688981.SH,中芯国际,51.1,51.64,51.1,51.49,117480,603749257.0
2022-01-18,688981.SH,中芯国际,51.5,53.13,51.35,52.44,254544,1336307472.0
2022-01-19,688981.SH,中芯国际,52.22,52.22,51.62,51.89,120169,623184312.0
2022-01-20,688981.SH,中芯国际,51.9,52.34,51.57,51.69,113416,588268557.0
2022-01-21,688981.SH,中芯国际,51.7,51.93,51.18,51.28,108778,559029407.0
2022-01-24,688981.SH,中芯国际,51.28,51.65,51.12,51.35,87928,451179948.0
2022-01-25,688981.SH,中芯国际,51.19,51.29,50.02,50.06,175062,884407500.0
2022-01-26,688981.SH,中芯国际,50.04,50.6,50.03,50.31,84164,422972545.0
2022-01-27,688981.SH,中芯国际,50.29,50.29,49.0,49.03,169728,842281118.0
2022-01-28,688981.SH,中芯国际,49.05,49.86,49.05,49.22,112196,553510345.0
2022-02-07,688981.SH,中芯国际,49.88,50.3,49.87,49.97,83892,419471807.0
2022-02-08,688981.SH,中芯国际,49.99,50.43,49.89,50.4,109542,549836262.0
2022-02-09,688981.SH,中芯国际,50.31,51.19,50.26,51.1,135226,687649795.0
2022-02-10,688981.SH,中芯国际,51.22,51.5,50.92,51.2,106224,542885473.0
2022-02-11,688981.SH,中芯国际,52.0,52.6,51.39,51.46,226450,1178866197.0
2022-02-14,688981.SH,中芯国际,51.25,51.4,50.65,50.8,106161,540885863.0
2022-02-15,688981.SH,中芯国际,50.99,52.05,50.99,51.47,154695,798155429.0
2022-02-16,688981.SH,中芯国际,51.77,51.88,51.4,51.48,87120,449157643.0
2022-02-17,688981.SH,中芯国际,51.21,51.57,50.74,50.85,132498,676753645.0
2022-02-18,688981.SH,中芯国际,50.57,50.87,50.2,50.84,92581,467668032.0
2022-02-21,688981.SH,中芯国际,50.69,51.06,50.57,50.93,76110,387311311.0
2022-02-22,688981.SH,中芯国际,50.68,50.76,50.31,50.38,95830,483516545.0
2022-02-23,688981.SH,中芯国际,50.33,51.96,50.28,51.64,200876,1032397203.0
2022-02-24,688981.SH,中芯国际,51.51,51.73,50.2,50.73,204707,1042002550.0
2022-02-25,688981.SH,中芯国际,51.2,51.45,50.58,50.73,124638,636488813.0
2022-02-28,688981.SH,中芯国际,50.6,51.0,50.38,50.73,80887,409906267.0
2022-03-01,688981.SH,中芯国际,50.82,50.92,50.6,50.87,72955,370211275.0
2022-03-02,688981.SH,中芯国际,50.69,50.85,50.51,50.58,68180,345394770.0
2022-03-03,688981.SH,中芯国际,50.85,51.47,50.71,51.06,138892,710050458.0
2022-03-04,688981.SH,中芯国际,50.8,51.46,50.58,50.88,121203,618361640.0
2022-03-07,688981.SH,中芯国际,50.68,50.68,49.5,49.6,154768,772036178.0
2022-03-08,688981.SH,中芯国际,49.61,50.18,49.01,49.28,150437,745755135.0
2022-03-09,688981.SH,中芯国际,50.5,50.99,48.94,50.3,287565,1446713001.0
2022-03-10,688981.SH,中芯国际,50.78,50.98,50.2,50.23,183784,929565861.0
2022-03-11,688981.SH,中芯国际,49.66,49.98,48.95,49.74,209128,1032144918.0
2022-03-14,688981.SH,中芯国际,49.28,49.34,48.57,48.59,156231,766223937.0
2022-03-15,688981.SH,中芯国际,48.0,48.18,45.2,45.29,290634,1350571748.0
2022-03-16,688981.SH,中芯国际,45.83,46.59,44.13,46.28,223743,1022260710.0
2022-03-17,688981.SH,中芯国际,46.97,47.3,46.49,46.49,179843,842851849.0
2022-03-18,688981.SH,中芯国际,46.26,46.9,46.11,46.8,106488,496123340.0
2022-03-21,688981.SH,中芯国际,46.79,47.8,46.78,46.99,142487,671952616.0
2022-03-22,688981.SH,中芯国际,46.75,47.22,46.56,46.8,82352,385798934.0
2022-03-23,688981.SH,中芯国际,46.82,48.21,46.61,47.59,165953,788812585.0
2022-03-24,688981.SH,中芯国际,46.85,47.25,46.6,46.61,110563,517381159.0
2022-03-25,688981.SH,中芯国际,46.8,47.07,46.17,46.76,93886,437401009.0
2022-03-28,688981.SH,中芯国际,46.17,46.59,45.88,46.45,78950,365102893.0
2022-03-29,688981.SH,中芯国际,46.49,46.83,46.1,46.16,72354,335469498.0
2022-03-30,688981.SH,中芯国际,46.2,46.63,46.18,46.6,91550,425294340.0
2022-03-31,688981.SH,中芯国际,46.61,46.98,46.07,46.09,127303,591977029.0
2022-04-01,688981.SH,中芯国际,45.88,46.02,45.31,45.71,119426,545520358.0
2022-04-06,688981.SH,中芯国际,45.72,45.87,45.32,45.75,125867,574275343.0
2022-04-07,688981.SH,中芯国际,45.61,45.95,45.34,45.34,93188,424933669.0
2022-04-08,688981.SH,中芯国际,45.19,45.52,44.45,44.99,114735,515397535.0
2022-04-11,688981.SH,中芯国际,44.5,44.89,42.4,42.63,212721,921728670.0
2022-04-12,688981.SH,中芯国际,42.57,44.16,42.43,43.89,146496,634257051.0
2022-04-13,688981.SH,中芯国际,43.77,44.15,43.48,43.51,74198,325089458.0
2022-04-14,688981.SH,中芯国际,43.96,44.15,43.21,43.67,103995,454781396.0
2022-04-15,688981.SH,中芯国际,43.4,43.5,42.86,43.25,84608,365362731.0
2022-04-18,688981.SH,中芯国际,43.2,43.98,42.9,43.69,96173,419148378.0
2022-04-19,688981.SH,中芯国际,43.69,43.93,43.39,43.59,75479,329410887.0
2022-04-20,688981.SH,中芯国际,43.7,43.88,42.95,43.05,70577,306743328.0
2022-04-21,688981.SH,中芯国际,42.9,43.3,41.88,41.89,117354,498886871.0
2022-04-22,688981.SH,中芯国际,41.7,42.24,41.45,41.85,104375,437205949.0
2022-04-25,688981.SH,中芯国际,41.5,41.5,38.97,38.97,193758,774728279.0
2022-04-26,688981.SH,中芯国际,38.59,39.49,37.76,37.78,167040,646895280.0
2022-04-27,688981.SH,中芯国际,37.4,39.04,37.1,38.57,156877,597601691.0
2022-04-28,688981.SH,中芯国际,38.21,38.57,37.45,37.91,127758,485892185.0
2022-04-29,688981.SH,中芯国际,38.43,39.99,38.43,39.72,180760,711490492.0
2022-05-05,688981.SH,中芯国际,39.57,40.94,39.56,40.36,160402,647639559.0
2022-05-06,688981.SH,中芯国际,39.39,40.1,39.21,39.6,110873,439596968.0
2022-05-09,688981.SH,中芯国际,39.5,40.27,39.35,39.93,85978,343210892.0
2022-05-10,688981.SH,中芯国际,39.53,41.13,39.5,40.88,160246,651850500.0
2022-05-11,688981.SH,中芯国际,40.99,43.5,40.88,42.15,332668,1412824130.0
2022-05-12,688981.SH,中芯国际,42.13,43.73,41.95,43.32,271486,1168154656.0
2022-05-13,688981.SH,中芯国际,43.0,43.28,42.01,42.4,311264,1321871669.0
2022-05-16,688981.SH,中芯国际,42.68,43.2,42.27,42.4,155198,663126701.0
2022-05-17,688981.SH,中芯国际,42.38,42.8,42.03,42.59,134645,571736906.0
2022-05-18,688981.SH,中芯国际,42.59,43.0,42.25,42.26,125588,535101789.0
2022-05-19,688981.SH,中芯国际,41.6,42.58,41.45,42.44,149895,632387164.0
2022-05-20,688981.SH,中芯国际,42.45,43.08,42.45,42.88,126113,539685869.0
2022-05-23,688981.SH,中芯国际,43.02,43.3,42.81,43.1,130630,563037326.0
2022-05-24,688981.SH,中芯国际,42.92,43.37,41.6,41.61,153263,652448369.0
2022-05-25,688981.SH,中芯国际,41.65,42.42,41.65,42.38,105180,443084702.0
2022-05-26,688981.SH,中芯国际,42.5,42.6,41.8,42.42,93858,396835229.0
2022-05-27,688981.SH,中芯国际,42.6,42.7,41.85,42.13,92865,393161407.0
2022-05-30,688981.SH,中芯国际,42.13,42.52,41.66,42.06,98233,414181811.0
2022-05-31,688981.SH,中芯国际,42.07,42.94,41.7,42.88,197616,834996536.0
2022-06-01,688981.SH,中芯国际,42.72,43.15,42.51,42.75,151203,646452941.0
2022-06-02,688981.SH,中芯国际,42.63,44.84,42.47,44.52,384884,1686182618.0
2022-06-06,688981.SH,中芯国际,44.75,45.78,44.31,45.69,388723,1758593811.0
2022-06-07,688981.SH,中芯国际,45.31,45.54,44.52,45.22,251840,1135465520.0
2022-06-08,688981.SH,中芯国际,45.17,45.47,44.31,44.89,215991,969944268.0
2022-06-09,688981.SH,中芯国际,44.8,44.8,43.8,43.91,194641,860337549.0
2022-06-10,688981.SH,中芯国际,43.8,45.47,43.7,45.39,273261,1223221043.0
2022-06-13,688981.SH,中芯国际,44.95,46.1,44.85,45.74,236823,1082132885.0
2022-06-14,688981.SH,中芯国际,45.08,45.68,44.65,45.66,166553,750856399.0
2022-06-15,688981.SH,中芯国际,45.7,46.47,45.42,45.47,236686,1088246920.0
2022-06-16,688981.SH,中芯国际,45.44,46.07,44.74,44.86,174148,790202597.0
2022-06-17,688981.SH,中芯国际,44.52,45.14,44.3,44.9,121055,542630066.0
2022-06-20,688981.SH,中芯国际,45.02,46.18,45.0,45.68,184547,845492690.0
2022-06-21,688981.SH,中芯国际,45.65,46.08,45.08,45.16,120280,546996692.0
2022-06-22,688981.SH,中芯国际,45.39,45.49,44.35,44.35,123762,554291630.0
2022-06-23,688981.SH,中芯国际,44.35,44.66,43.89,44.5,165129,730713099.0
2022-06-24,688981.SH,中芯国际,44.6,45.36,44.59,45.05,143546,645593077.0
2022-06-27,688981.SH,中芯国际,45.05,45.77,44.79,45.2,165007,746795791.0
2022-06-28,688981.SH,中芯国际,45.21,46.18,45.03,46.06,200607,916698528.0
2022-06-29,688981.SH,中芯国际,46.06,46.41,45.1,45.16,205693,941602040.0
2022-06-30,688981.SH,中芯国际,45.16,45.6,45.13,45.17,155000,702884890.0
2022-07-01,688981.SH,中芯国际,45.02,45.38,44.65,44.81,145490,653853667.0
2022-07-04,688981.SH,中芯国际,44.37,44.5,43.93,44.11,179143,790481028.0
2022-07-05,688981.SH,中芯国际,44.2,44.52,43.7,44.3,142245,627310329.0
2022-07-06,688981.SH,中芯国际,44.27,44.53,43.38,43.56,187664,824545973.0
2022-07-07,688981.SH,中芯国际,43.62,43.82,43.31,43.31,118681,516285920.0
2022-07-08,688981.SH,中芯国际,43.4,43.84,43.34,43.4,118339,516125037.0
2022-07-11,688981.SH,中芯国际,43.38,43.38,41.79,41.84,180666,761776227.0
2022-07-12,688981.SH,中芯国际,41.88,42.24,41.88,41.88,97544,410267421.0
2022-07-13,688981.SH,中芯国际,42.0,42.1,41.51,41.57,96990,404951867.0
2022-07-14,688981.SH,中芯国际,41.51,41.93,41.22,41.28,100905,418227732.0
2022-07-15,688981.SH,中芯国际,41.28,41.56,41.01,41.02,94439,389908604.0
2022-07-18,688981.SH,中芯国际,41.13,42.37,40.92,41.61,202960,842619138.0
2022-07-19,688981.SH,中芯国际,41.62,41.93,41.44,41.79,112529,468873275.0
2022-07-20,688981.SH,中芯国际,41.96,42.1,41.6,41.77,117910,492348647.0
2022-07-21,688981.SH,中芯国际,41.76,42.19,41.5,41.55,178026,744943089.0
2022-07-22,688981.SH,中芯国际,42.08,42.25,41.16,41.45,133535,556042357.0
2022-07-25,688981.SH,中芯国际,41.55,42.43,41.34,41.82,151024,632806711.0
2022-07-26,688981.SH,中芯国际,41.82,42.08,41.21,41.54,97490,404422895.0
2022-07-27,688981.SH,中芯国际,41.55,41.55,40.92,40.96,135597,557631532.0
2022-07-28,688981.SH,中芯国际,41.19,41.45,40.97,40.98,147749,608242454.0
2022-07-29,688981.SH,中芯国际,41.13,41.13,40.03,40.09,196123,791409792.0
2022-08-01,688981.SH,中芯国际,40.07,40.19,39.5,40.18,124913,498509163.0
2022-08-02,688981.SH,中芯国际,39.8,39.8,38.5,38.98,247681,966064879.0
2022-08-03,688981.SH,中芯国际,39.0,42.59,38.99,41.6,608140,2520155187.0
2022-08-04,688981.SH,中芯国际,41.96,42.81,41.46,42.49,479052,2026447861.0
2022-08-05,688981.SH,中芯国际,42.55,44.62,42.01,44.34,688004,2996595604.0
2022-08-08,688981.SH,中芯国际,44.29,44.29,42.57,43.0,539890,2330140344.0
2022-08-09,688981.SH,中芯国际,43.05,43.16,42.22,43.11,314034,1342142164.0
2022-08-10,688981.SH,中芯国际,42.99,43.49,42.5,42.5,297817,1279116878.0
2022-08-11,688981.SH,中芯国际,42.99,43.95,42.8,43.48,338999,1472920179.0
2022-08-12,688981.SH,中芯国际,43.39,43.4,42.68,42.71,230424,991674265.0
2022-08-15,688981.SH,中芯国际,42.66,42.66,41.83,41.84,252264,1062354615.0
2022-08-16,688981.SH,中芯国际,41.84,42.09,41.5,41.63,162400,677985368.0
2022-08-17,688981.SH,中芯国际,41.62,42.14,41.62,41.79,139829,584885135.0
2022-08-18,688981.SH,中芯国际,41.8,42.14,41.62,41.88,146745,615398061.0
2022-08-19,688981.SH,中芯国际,41.8,42.07,40.98,40.99,190213,788816829.0
2022-08-22,688981.SH,中芯国际,40.98,41.27,40.21,41.09,132142,539724225.0
2022-08-23,688981.SH,中芯国际,41.07,41.08,40.6,40.66,97741,397975333.0
2022-08-24,688981.SH,中芯国际,40.7,40.71,39.68,39.7,193128,773092283.0
2022-08-25,688981.SH,中芯国际,39.7,39.99,39.35,39.88,125266,496710379.0
2022-08-26,688981.SH,中芯国际,40.01,40.37,39.92,40.27,109767,441480708.0
2022-08-29,688981.SH,中芯国际,40.0,40.26,39.86,40.08,107698,430779477.0
2022-08-30,688981.SH,中芯国际,40.08,40.39,39.91,40.1,96543,387353710.0
2022-08-31,688981.SH,中芯国际,40.2,40.35,39.63,40.21,144663,579403700.0
2022-09-01,688981.SH,中芯国际,40.23,40.61,39.8,39.95,131265,528418109.0
2022-09-02,688981.SH,中芯国际,40.06,40.66,39.94,40.4,139480,563160557.0
2022-09-05,688981.SH,中芯国际,40.15,40.15,39.78,39.94,96981,387126069.0
2022-09-06,688981.SH,中芯国际,39.8,40.1,39.78,40.05,93940,375330169.0
2022-09-07,688981.SH,中芯国际,40.04,40.63,39.99,40.23,162778,657372842.0
2022-09-08,688981.SH,中芯国际,40.21,40.23,39.92,39.94,90525,362274487.0
2022-09-09,688981.SH,中芯国际,39.95,40.34,39.81,40.2,94358,378752429.0
2022-09-13,688981.SH,中芯国际,40.27,40.64,40.27,40.4,101787,411431244.0
2022-09-14,688981.SH,中芯国际,39.98,40.38,39.9,40.18,94747,379881536.0
2022-09-15,688981.SH,中芯国际,40.2,40.48,39.9,40.07,142243,572167820.0
2022-09-16,688981.SH,中芯国际,40.1,40.48,39.75,39.79,144906,581943174.0
2022-09-19,688981.SH,中芯国际,39.77,39.77,37.66,38.56,173032,666274173.0
2022-09-20,688981.SH,中芯国际,38.59,39.17,38.44,38.7,100714,390761867.0
2022-09-21,688981.SH,中芯国际,38.6,38.81,38.06,38.45,77199,296766892.0
2022-09-22,688981.SH,中芯国际,38.33,38.78,38.21,38.45,72677,279315755.0
2022-09-23,688981.SH,中芯国际,38.4,38.57,37.88,38.14,78292,299230108.0
2022-09-26,688981.SH,中芯国际,38.01,38.1,37.38,37.47,89026,336258259.0
2022-09-27,688981.SH,中芯国际,37.5,38.37,37.5,38.37,87983,333922712.0
2022-09-28,688981.SH,中芯国际,38.18,38.24,37.72,37.79,72521,275320800.0
2022-09-29,688981.SH,中芯国际,38.0,38.28,37.52,37.56,83605,316844850.0
2022-09-30,688981.SH,中芯国际,37.51,38.1,37.51,37.78,76341,289198300.0
2022-10-10,688981.SH,中芯国际,37.77,38.57,37.7,37.72,147786,563142081.0
2022-10-11,688981.SH,中芯国际,37.68,37.99,36.2,36.83,135289,497254392.0
2022-10-12,688981.SH,中芯国际,36.6,37.5,36.46,37.47,131383,486604892.0
2022-10-13,688981.SH,中芯国际,37.47,37.47,36.8,36.84,140383,520558613.0
2022-10-14,688981.SH,中芯国际,37.2,38.24,37.05,37.86,189577,715303332.0
2022-10-17,688981.SH,中芯国际,37.54,38.53,37.53,38.41,149202,569604405.0
2022-10-18,688981.SH,中芯国际,38.59,38.62,37.97,38.1,95714,365507481.0
2022-10-19,688981.SH,中芯国际,38.11,38.39,37.8,37.83,98772,374960632.0
2022-10-20,688981.SH,中芯国际,37.77,39.1,37.7,38.67,239670,925012608.0
2022-10-21,688981.SH,中芯国际,38.48,38.59,38.11,38.31,136193,522601276.0
2022-10-24,688981.SH,中芯国际,38.3,38.8,37.48,37.49,165890,633187809.0
2022-10-25,688981.SH,中芯国际,37.48,38.4,37.2,37.6,120921,457240917.0
2022-10-26,688981.SH,中芯国际,37.6,39.83,37.46,39.06,296743,1153450273.0
2022-10-27,688981.SH,中芯国际,39.03,43.18,38.8,42.13,638606,2629327658.0
2022-10-28,688981.SH,中芯国际,41.79,42.47,41.05,41.55,418435,1750375158.0
2022-10-31,688981.SH,中芯国际,41.6,42.95,41.6,41.71,355746,1503544490.0
2022-11-01,688981.SH,中芯国际,41.55,42.1,40.88,41.72,253455,1052578045.0
2022-11-02,688981.SH,中芯国际,41.51,42.82,41.31,41.81,283656,1194293451.0
2022-11-03,688981.SH,中芯国际,41.7,42.5,41.5,42.05,233751,982286274.0
2022-11-04,688981.SH,中芯国际,41.9,42.39,41.51,42.15,273022,1147648628.0
2022-11-07,688981.SH,中芯国际,42.06,42.45,41.84,41.88,197672,832900174.0
2022-11-08,688981.SH,中芯国际,42.1,42.18,41.01,41.36,198097,820063503.0
2022-11-09,688981.SH,中芯国际,41.13,41.54,41.11,41.15,118701,490309866.0
2022-11-10,688981.SH,中芯国际,41.2,41.38,40.15,40.3,203096,827294977.0
2022-11-11,688981.SH,中芯国际,41.2,41.45,40.67,40.71,219454,899883857.0
2022-11-14,688981.SH,中芯国际,40.79,41.68,40.71,41.4,195687,809027039.0
2022-11-15,688981.SH,中芯国际,41.4,43.1,41.35,42.79,401863,1706045739.0
2022-11-16,688981.SH,中芯国际,42.79,43.58,42.44,42.48,274631,1178199945.0
2022-11-17,688981.SH,中芯国际,42.2,42.8,41.82,42.66,227430,962808736.0
2022-11-18,688981.SH,中芯国际,42.63,42.87,41.8,41.81,178750,754172899.0
2022-11-21,688981.SH,中芯国际,41.69,41.89,41.4,41.58,101525,422855507.0
2022-11-22,688981.SH,中芯国际,41.57,41.93,40.94,41.0,159215,657599022.0
2022-11-23,688981.SH,中芯国际,41.0,41.39,40.7,40.77,122947,503422173.0
2022-11-24,688981.SH,中芯国际,41.0,41.18,40.59,40.68,99432,405828515.0
2022-11-25,688981.SH,中芯国际,40.8,41.1,40.69,40.69,103398,422632511.0
2022-11-28,688981.SH,中芯国际,40.14,40.39,40.01,40.08,111735,448815929.0
2022-11-29,688981.SH,中芯国际,40.15,41.2,40.15,40.98,155072,632134389.0
2022-11-30,688981.SH,中芯国际,41.11,41.28,40.71,40.84,97356,398651200.0
2022-12-01,688981.SH,中芯国际,41.2,41.55,40.87,40.98,159846,658186229.0
2022-12-02,688981.SH,中芯国际,40.88,41.15,40.62,40.65,109465,447069769.0
2022-12-05,688981.SH,中芯国际,40.8,41.36,40.79,41.36,191016,786591720.0
2022-12-06,688981.SH,中芯国际,41.3,42.32,41.19,41.91,235413,987663789.0
2022-12-07,688981.SH,中芯国际,42.0,42.15,41.61,41.92,162255,679406224.0
2022-12-08,688981.SH,中芯国际,41.96,42.07,41.5,41.9,144485,603612531.0
2022-12-09,688981.SH,中芯国际,41.98,42.27,41.85,42.16,204660,861943872.0
2022-12-12,688981.SH,中芯国际,42.13,42.38,41.66,41.95,177422,745737685.0
2022-12-13,688981.SH,中芯国际,41.9,42.12,41.72,41.8,106618,447236452.0
2022-12-14,688981.SH,中芯国际,43.96,43.96,42.56,42.57,379173,1635585587.0
2022-12-15,688981.SH,中芯国际,42.46,43.2,42.25,42.77,186118,798249097.0
2022-12-16,688981.SH,中芯国际,42.5,43.18,42.18,43.0,200437,858182385.0
2022-12-19,688981.SH,中芯国际,42.8,43.15,41.7,41.78,151957,643620897.0
2022-12-20,688981.SH,中芯国际,41.58,42.15,41.55,41.85,99083,414891671.0
2022-12-21,688981.SH,中芯国际,41.73,41.96,41.0,41.29,86115,357491919.0
2022-12-22,688981.SH,中芯国际,41.55,41.65,40.99,41.07,67444,278829201.0
2022-12-23,688981.SH,中芯国际,40.9,41.33,40.83,41.06,74289,305545924.0
2022-12-26,688981.SH,中芯国际,40.9,41.54,40.9,41.43,74695,308594729.0
2022-12-27,688981.SH,中芯国际,41.39,41.61,41.15,41.48,61293,253743899.0
2022-12-28,688981.SH,中芯国际,41.43,41.52,40.89,40.9,77231,317252600.0
2022-12-29,688981.SH,中芯国际,40.67,41.27,40.67,40.89,64762,265197790.0
2022-12-30,688981.SH,中芯国际,41.01,41.35,41.01,41.14,60396,248594882.0
2023-01-03,688981.SH,中芯国际,41.08,41.56,40.99,41.54,88545,365574069.0
2023-01-04,688981.SH,中芯国际,41.6,41.93,41.55,41.92,119135,497422826.0
2023-01-05,688981.SH,中芯国际,41.8,41.91,41.6,41.87,95095,396990563.0
2023-01-06,688981.SH,中芯国际,41.87,42.2,41.62,41.68,129975,543924303.0
2023-01-09,688981.SH,中芯国际,41.8,42.05,41.43,41.53,110499,460731198.0
2023-01-10,688981.SH,中芯国际,41.6,41.78,41.49,41.56,79748,331845827.0
2023-01-11,688981.SH,中芯国际,41.48,41.78,41.17,41.18,85209,353723066.0
2023-01-12,688981.SH,中芯国际,41.18,41.33,40.8,40.82,89348,366156954.0
2023-01-13,688981.SH,中芯国际,40.93,41.3,40.9,41.3,78856,324026861.0
2023-01-16,688981.SH,中芯国际,41.21,42.3,41.1,41.92,171816,719329918.0
2023-01-17,688981.SH,中芯国际,42.13,42.45,41.91,42.1,138559,584954175.0
2023-01-18,688981.SH,中芯国际,42.15,42.24,41.94,42.0,80879,339988428.0
2023-01-19,688981.SH,中芯国际,41.88,42.53,41.85,42.5,130140,550273882.0
2023-01-20,688981.SH,中芯国际,42.48,42.81,42.41,42.59,121937,519713050.0
2023-01-30,688981.SH,中芯国际,42.7,43.08,42.37,42.37,201349,857908188.0
2023-01-31,688981.SH,中芯国际,42.3,42.6,41.67,41.86,154298,649901286.0
2023-02-01,688981.SH,中芯国际,41.99,43.55,41.96,43.46,313003,1342460728.0
2023-02-02,688981.SH,中芯国际,43.61,43.95,43.16,43.42,258361,1125250360.0
2023-02-03,688981.SH,中芯国际,43.2,43.62,42.81,43.33,156675,675367687.0
2023-02-06,688981.SH,中芯国际,43.09,43.26,42.75,43.0,116905,502547720.0
2023-02-07,688981.SH,中芯国际,42.91,43.18,42.91,43.18,117853,507375163.0
2023-02-08,688981.SH,中芯国际,43.2,43.4,42.62,42.62,112179,481943920.0
2023-02-09,688981.SH,中芯国际,42.5,43.6,42.45,43.6,213293,920811705.0
2023-02-10,688981.SH,中芯国际,43.09,43.64,42.86,43.07,196437,848693588.0
2023-02-13,688981.SH,中芯国际,43.08,43.43,42.8,42.98,170067,733373406.0
2023-02-14,688981.SH,中芯国际,43.01,43.47,42.83,43.03,121554,523658579.0
2023-02-15,688981.SH,中芯国际,43.03,43.1,42.73,42.86,112552,482848991.0
2023-02-16,688981.SH,中芯国际,42.88,43.19,41.8,41.98,206393,878976512.0
2023-02-17,688981.SH,中芯国际,42.0,42.45,41.78,41.81,156489,658552238.0
2023-02-20,688981.SH,中芯国际,41.98,42.26,41.61,42.26,108397,455581666.0
2023-02-21,688981.SH,中芯国际,42.27,42.57,42.2,42.35,97091,411308482.0
2023-02-22,688981.SH,中芯国际,42.39,42.53,42.2,42.3,73652,311850659.0
2023-02-23,688981.SH,中芯国际,42.28,42.45,42.06,42.16,71846,303440363.0
2023-02-24,688981.SH,中芯国际,42.15,42.32,41.94,41.97,81071,341174623.0
2023-02-27,688981.SH,中芯国际,41.94,42.06,41.57,41.63,90787,379209108.0
2023-02-28,688981.SH,中芯国际,41.78,42.2,41.53,42.02,132823,555554010.0
2023-03-01,688981.SH,中芯国际,41.99,42.46,41.92,42.37,137024,579830571.0
2023-03-02,688981.SH,中芯国际,42.41,42.65,42.25,42.46,114671,487040565.0
2023-03-03,688981.SH,中芯国际,42.88,43.88,42.88,43.32,310282,1344302283.0
2023-03-06,688981.SH,中芯国际,43.12,43.84,42.9,43.4,215696,935445710.0
2023-03-07,688981.SH,中芯国际,43.32,43.66,42.68,42.73,175736,758548544.0
2023-03-08,688981.SH,中芯国际,42.7,42.93,42.56,42.84,108048,462082471.0
2023-03-09,688981.SH,中芯国际,42.8,43.88,42.8,43.27,235764,1023553705.0
2023-03-10,688981.SH,中芯国际,43.0,43.67,42.73,43.0,199761,863796135.0
2023-03-13,688981.SH,中芯国际,43.0,43.74,42.56,43.6,216498,935642557.0
2023-03-14,688981.SH,中芯国际,43.65,48.88,43.38,48.01,1363550,6388771484.0
2023-03-15,688981.SH,中芯国际,48.01,50.95,47.88,48.88,1275671,6286627704.0
2023-03-16,688981.SH,中芯国际,48.77,50.5,48.74,49.31,951214,4724742584.0
2023-03-17,688981.SH,中芯国际,50.1,52.98,49.1,52.57,1401298,7194787634.0
2023-03-20,688981.SH,中芯国际,52.6,53.66,51.66,51.81,1005252,5284002495.0
2023-03-21,688981.SH,中芯国际,51.81,52.66,50.95,52.11,674449,3490710416.0
2023-03-22,688981.SH,中芯国际,51.95,52.5,51.36,52.3,588231,3054583017.0
2023-03-23,688981.SH,中芯国际,52.0,53.38,50.6,52.32,908342,4713726596.0
2023-03-24,688981.SH,中芯国际,52.0,52.1,50.69,50.8,676051,3463874780.0
2023-03-27,688981.SH,中芯国际,50.5,50.77,48.89,49.5,649113,3227686408.0
2023-03-28,688981.SH,中芯国际,49.75,50.12,48.71,49.1,454941,2249830834.0
2023-03-29,688981.SH,中芯国际,49.19,50.32,47.98,49.36,708926,3496451834.0
2023-03-30,688981.SH,中芯国际,49.02,50.19,48.8,49.08,457796,2264069970.0
2023-03-31,688981.SH,中芯国际,49.1,50.65,48.91,50.11,504834,2519438897.0
2023-04-03,688981.SH,中芯国际,50.33,54.6,49.87,54.58,1339896,7028142062.0
2023-04-04,688981.SH,中芯国际,54.25,57.99,54.01,56.66,1674924,9472351941.0
2023-04-06,688981.SH,中芯国际,57.5,61.61,57.28,59.07,1874796,11217395668.0
2023-04-07,688981.SH,中芯国际,59.83,60.9,58.14,59.9,1205414,7196995175.0
2023-04-10,688981.SH,中芯国际,60.3,63.54,59.6,60.0,1242695,7623833531.0
2023-04-11,688981.SH,中芯国际,60.0,61.58,57.33,58.43,1090664,6464638063.0
2023-04-12,688981.SH,中芯国际,57.9,60.5,57.75,59.3,751777,4475622570.0
2023-04-13,688981.SH,中芯国际,58.7,59.22,57.5,58.0,609876,3550090617.0
2023-04-14,688981.SH,中芯国际,58.67,62.3,57.38,62.26,1260910,7626678711.0
2023-04-17,688981.SH,中芯国际,62.5,63.68,61.71,63.0,926839,5814764381.0
2023-04-18,688981.SH,中芯国际,62.22,62.25,59.61,60.9,829263,5036517706.0
2023-04-19,688981.SH,中芯国际,60.99,64.38,60.15,62.21,1056699,6578214899.0
2023-04-20,688981.SH,中芯国际,61.84,66.5,61.84,66.48,1317248,8572883365.0
2023-04-21,688981.SH,中芯国际,66.13,66.33,62.11,62.8,1002269,6444984946.0
2023-04-24,688981.SH,中芯国际,62.5,64.5,60.11,63.05,846990,5289122673.0
2023-04-25,688981.SH,中芯国际,63.06,64.57,60.85,61.37,872288,5434677427.0
2023-04-26,688981.SH,中芯国际,60.7,61.06,56.7,58.16,1066287,6263921423.0
2023-04-27,688981.SH,中芯国际,57.3,59.45,57.01,58.29,593022,3456206784.0
2023-04-28,688981.SH,中芯国际,57.91,61.6,57.81,61.58,672403,4044067429.0
2023-05-04,688981.SH,中芯国际,60.5,60.95,58.0,58.76,592898,3522978239.0
2023-05-05,688981.SH,中芯国际,58.5,59.93,58.26,58.8,362074,2139809355.0
2023-05-08,688981.SH,中芯国际,58.99,61.19,58.89,59.43,482318,2885045619.0
2023-05-09,688981.SH,中芯国际,58.96,59.35,52.52,52.78,1482705,8155420424.0
2023-05-10,688981.SH,中芯国际,52.26,53.45,51.6,52.45,585357,3078071157.0
2023-05-11,688981.SH,中芯国际,53.05,53.7,52.61,52.96,336977,1788437532.0
2023-05-12,688981.SH,中芯国际,54.5,56.59,53.41,53.69,738352,4072556241.0
2023-05-15,688981.SH,中芯国际,53.0,55.3,52.42,54.87,452112,2432078653.0
2023-05-16,688981.SH,中芯国际,54.81,55.3,53.88,54.25,374179,2040747535.0
2023-05-17,688981.SH,中芯国际,53.93,54.95,53.71,54.2,292402,1589833273.0
2023-05-18,688981.SH,中芯国际,54.38,55.55,54.33,55.1,352904,1940830221.0
2023-05-19,688981.SH,中芯国际,54.82,56.36,54.82,55.0,353945,1965418864.0
2023-05-22,688981.SH,中芯国际,55.0,56.0,54.2,54.55,257486,1419219569.0
2023-05-23,688981.SH,中芯国际,54.2,54.7,52.9,52.9,315326,1684264054.0
2023-05-24,688981.SH,中芯国际,52.6,52.6,48.78,49.91,852373,4260149558.0
2023-05-25,688981.SH,中芯国际,50.29,50.58,49.03,50.36,406264,2024849404.0
2023-05-26,688981.SH,中芯国际,50.46,52.31,50.45,51.8,414356,2137138270.0
2023-05-29,688981.SH,中芯国际,52.25,53.58,51.51,52.6,398252,2099428999.0
2023-05-30,688981.SH,中芯国际,52.19,53.03,52.08,52.89,265929,1397789256.0
2023-05-31,688981.SH,中芯国际,52.7,54.8,52.51,54.4,434674,2354459130.0
2023-06-01,688981.SH,中芯国际,53.85,55.17,53.48,54.42,305227,1658661987.0
2023-06-02,688981.SH,中芯国际,54.6,54.8,52.88,53.72,238832,1284217628.0
2023-06-05,688981.SH,中芯国际,54.79,56.03,54.5,55.04,428499,2370572338.0
2023-06-06,688981.SH,中芯国际,55.04,55.76,53.61,53.99,293169,1607143748.0
2023-06-07,688981.SH,中芯国际,54.0,55.16,53.71,54.67,238489,1297489705.0
2023-06-08,688981.SH,中芯国际,54.6,54.6,53.18,53.56,262984,1416843010.0
2023-06-09,688981.SH,中芯国际,53.79,54.18,52.81,53.53,359992,1924251758.0
2023-06-12,688981.SH,中芯国际,53.49,53.83,52.38,52.87,301533,1596127569.0
2023-06-13,688981.SH,中芯国际,53.09,55.91,52.82,55.4,545663,2988574240.0
2023-06-14,688981.SH,中芯国际,55.63,56.27,55.06,56.0,424842,2368162235.0
2023-06-15,688981.SH,中芯国际,55.72,56.3,54.45,54.78,371454,2049812579.0
2023-06-16,688981.SH,中芯国际,54.53,55.93,54.11,55.56,350062,1928383174.0
2023-06-19,688981.SH,中芯国际,55.3,56.1,54.88,55.06,316519,1755659183.0
2023-06-20,688981.SH,中芯国际,54.9,55.22,51.02,52.27,778681,4109919400.0
2023-06-21,688981.SH,中芯国际,52.0,52.5,50.0,50.8,478358,2444510865.0
2023-06-26,688981.SH,中芯国际,50.66,51.56,49.82,50.97,325229,1645372848.0
2023-06-27,688981.SH,中芯国际,50.9,51.71,50.9,51.39,194617,999282583.0
2023-06-28,688981.SH,中芯国际,51.87,52.38,50.75,51.72,283307,1466378989.0
2023-06-29,688981.SH,中芯国际,51.23,51.97,50.86,51.0,198620,1022845220.0
2023-06-30,688981.SH,中芯国际,50.75,51.52,50.45,50.52,245850,1249845241.0
2023-07-03,688981.SH,中芯国际,50.67,51.0,49.6,51.0,290169,1461511981.0
2023-07-04,688981.SH,中芯国际,51.0,52.0,50.63,51.41,295855,1519446628.0
2023-07-05,688981.SH,中芯国际,51.25,51.4,50.71,50.98,174457,889902226.0
2023-07-06,688981.SH,中芯国际,50.89,51.05,49.89,50.0,232103,1168687010.0
2023-07-07,688981.SH,中芯国际,49.81,50.18,49.06,49.38,283361,1405030601.0
2023-07-10,688981.SH,中芯国际,49.41,49.88,49.38,49.72,119692,594206742.0
2023-07-11,688981.SH,中芯国际,49.72,50.42,49.5,50.3,196696,983659361.0
2023-07-12,688981.SH,中芯国际,50.32,50.45,48.22,48.38,383720,1881906899.0
2023-07-13,688981.SH,中芯国际,48.6,49.37,48.6,49.2,250773,1229564595.0
2023-07-14,688981.SH,中芯国际,49.2,50.13,49.16,49.46,183227,909159937.0
2023-07-17,688981.SH,中芯国际,49.16,49.46,48.6,48.77,165079,806855842.0
2023-07-18,688981.SH,中芯国际,49.0,50.75,49.0,49.7,278801,1394187855.0
2023-07-19,688981.SH,中芯国际,49.5,49.58,48.88,49.15,160503,788838350.0
2023-07-20,688981.SH,中芯国际,49.33,49.55,49.02,49.29,130656,644076801.0
2023-07-21,688981.SH,中芯国际,49.01,49.24,48.88,49.0,125845,617119609.0
2023-07-24,688981.SH,中芯国际,48.88,49.51,48.84,49.0,113750,559330693.0
2023-07-25,688981.SH,中芯国际,49.66,49.8,49.23,49.77,179669,890948323.0
2023-07-26,688981.SH,中芯国际,49.66,50.18,49.54,50.15,161153,803412946.0
2023-07-27,688981.SH,中芯国际,50.01,50.14,49.2,49.39,163391,812613124.0
2023-07-28,688981.SH,中芯国际,49.03,50.35,48.99,50.26,186981,933055645.0
2023-07-31,688981.SH,中芯国际,50.31,51.38,50.28,51.36,259441,1324877472.0
2023-08-01,688981.SH,中芯国际,51.4,51.57,50.49,50.72,181103,921404966.0
2023-08-02,688981.SH,中芯国际,50.87,51.12,50.66,50.83,108140,549979976.0
2023-08-03,688981.SH,中芯国际,50.7,51.18,50.18,50.91,120482,613432104.0
2023-08-04,688981.SH,中芯国际,51.37,51.61,51.01,51.1,171008,875914545.0
2023-08-07,688981.SH,中芯国际,51.12,51.18,49.06,49.26,324039,1610428094.0
2023-08-08,688981.SH,中芯国际,49.12,49.9,48.98,49.47,161480,796863741.0
2023-08-09,688981.SH,中芯国际,49.3,49.59,48.46,48.64,179610,878532354.0
2023-08-10,688981.SH,中芯国际,48.66,49.0,48.34,48.47,141846,688655014.0
2023-08-11,688981.SH,中芯国际,48.85,48.95,46.91,46.92,318556,1514515991.0
2023-08-14,688981.SH,中芯国际,46.58,47.36,46.3,47.34,135853,638638985.0
2023-08-15,688981.SH,中芯国际,47.47,47.75,46.91,47.52,129261,612785218.0
2023-08-16,688981.SH,中芯国际,47.5,48.09,47.3,47.55,137537,656989174.0
2023-08-17,688981.SH,中芯国际,47.3,48.25,46.71,48.15,134233,642153301.0
2023-08-18,688981.SH,中芯国际,48.78,48.86,47.87,48.01,147358,712243184.0
2023-08-21,688981.SH,中芯国际,47.9,48.59,47.63,47.68,111878,539061516.0
2023-08-22,688981.SH,中芯国际,47.87,48.97,47.6,48.82,202561,980415331.0
2023-08-23,688981.SH,中芯国际,48.54,48.99,47.76,47.89,157167,764488486.0
2023-08-24,688981.SH,中芯国际,48.13,48.94,47.78,48.62,128400,621822144.0
2023-08-25,688981.SH,中芯国际,48.4,48.64,47.69,48.3,136746,657417620.0
2023-08-28,688981.SH,中芯国际,50.72,50.98,48.52,48.55,239094,1184020365.0
2023-08-29,688981.SH,中芯国际,48.61,51.0,48.61,51.0,395939,1990118389.0
2023-08-30,688981.SH,中芯国际,53.98,54.54,52.32,52.94,711225,3804531953.0
2023-08-31,688981.SH,中芯国际,52.6,54.79,52.3,54.24,567918,3071449764.0
2023-09-01,688981.SH,中芯国际,54.38,54.68,52.76,53.68,372843,1997027510.0
2023-09-04,688981.SH,中芯国际,53.9,56.9,53.27,56.9,550281,3016678636.0
2023-09-05,688981.SH,中芯国际,57.36,58.66,55.15,55.63,854584,4880846191.0
2023-09-06,688981.SH,中芯国际,55.16,57.4,54.81,56.83,655365,3677819121.0
2023-09-07,688981.SH,中芯国际,55.88,55.88,51.96,52.12,847809,4541997493.0
2023-09-08,688981.SH,中芯国际,52.06,53.24,51.41,52.5,493698,2586774083.0
2023-09-11,688981.SH,中芯国际,52.58,52.92,51.66,52.06,385281,2016487945.0
2023-09-12,688981.SH,中芯国际,52.0,52.2,51.5,51.52,240090,1242870692.0
2023-09-13,688981.SH,中芯国际,51.4,51.88,50.32,50.76,300129,1528682411.0
2023-09-14,688981.SH,中芯国际,50.71,51.58,50.51,50.77,231069,1177349990.0
2023-09-15,688981.SH,中芯国际,50.93,52.63,50.61,51.7,439800,2280275725.0
2023-09-18,688981.SH,中芯国际,51.32,51.37,48.42,49.63,471021,2349628738.0
2023-09-19,688981.SH,中芯国际,49.53,50.13,49.18,49.35,219407,1087749217.0
2023-09-20,688981.SH,中芯国际,49.01,49.65,48.98,49.34,123819,611055535.0
2023-09-21,688981.SH,中芯国际,49.3,49.99,49.21,49.5,150680,748416744.0
2023-09-22,688981.SH,中芯国际,49.6,51.38,49.41,51.2,282187,1425416501.0
2023-09-25,688981.SH,中芯国际,51.21,51.98,50.86,51.33,215607,1109448901.0
2023-09-26,688981.SH,中芯国际,51.2,51.2,50.01,50.06,186902,941128210.0
2023-09-27,688981.SH,中芯国际,50.18,51.0,50.07,50.66,151176,765522214.0
2023-09-28,688981.SH,中芯国际,50.7,51.42,50.25,51.15,176076,896776613.0
2023-10-09,688981.SH,中芯国际,50.8,51.48,50.3,50.72,159837,812288923.0
2023-10-10,688981.SH,中芯国际,50.73,51.65,50.73,50.83,167264,856740390.0
2023-10-11,688981.SH,中芯国际,50.9,54.29,50.5,54.2,461001,2419356855.0
2023-10-12,688981.SH,中芯国际,53.75,54.19,53.01,53.69,358583,1920432017.0
2023-10-13,688981.SH,中芯国际,53.17,55.88,53.06,54.56,500164,2741423103.0
2023-10-16,688981.SH,中芯国际,54.3,55.1,53.05,53.1,236188,1270862239.0
2023-10-17,688981.SH,中芯国际,53.1,56.34,52.7,54.4,347672,1896488307.0
2023-10-18,688981.SH,中芯国际,55.84,56.73,54.48,54.57,442979,2456939880.0
2023-10-19,688981.SH,中芯国际,54.13,57.28,54.0,56.03,752741,4228377193.0
2023-10-20,688981.SH,中芯国际,55.61,58.15,55.61,57.1,707396,4059007779.0
2023-10-23,688981.SH,中芯国际,56.88,57.74,55.5,56.79,483075,2737141609.0
2023-10-24,688981.SH,中芯国际,56.79,57.1,53.36,55.05,480800,2653840641.0
2023-10-25,688981.SH,中芯国际,56.0,56.82,54.68,54.68,322059,1789416703.0
2023-10-26,688981.SH,中芯国际,54.2,55.6,54.1,54.89,280744,1540008214.0
2023-10-27,688981.SH,中芯国际,54.58,57.5,54.4,56.98,471623,2663837461.0
2023-10-30,688981.SH,中芯国际,56.74,58.98,56.67,58.3,507354,2959089795.0
2023-10-31,688981.SH,中芯国际,58.38,58.38,56.88,57.25,280258,1609413176.0
2023-11-01,688981.SH,中芯国际,57.14,59.08,56.78,58.21,361576,2109091150.0
2023-11-02,688981.SH,中芯国际,58.5,59.11,57.13,57.31,290943,1691163615.0
2023-11-03,688981.SH,中芯国际,57.45,57.99,56.81,57.86,276587,1589991427.0
2023-11-06,688981.SH,中芯国际,57.89,58.4,56.96,57.3,337907,1945325694.0
2023-11-07,688981.SH,中芯国际,57.0,57.55,56.01,57.55,307593,1747525204.0
2023-11-08,688981.SH,中芯国际,57.2,59.38,57.01,58.31,466935,2724469178.0
2023-11-09,688981.SH,中芯国际,58.01,58.61,56.87,57.0,240178,1380902451.0
2023-11-10,688981.SH,中芯国际,55.55,56.18,53.93,54.39,497181,2731319262.0
2023-11-13,688981.SH,中芯国际,54.56,54.88,53.63,54.24,249508,1350562376.0
2023-11-14,688981.SH,中芯国际,54.22,54.88,53.96,54.65,229617,1248172525.0
2023-11-15,688981.SH,中芯国际,55.02,55.19,54.32,54.32,197293,1078282399.0
2023-11-16,688981.SH,中芯国际,54.01,54.2,53.25,53.42,198555,1064433885.0
2023-11-17,688981.SH,中芯国际,54.0,54.07,53.38,53.7,153105,821891004.0
2023-11-20,688981.SH,中芯国际,53.57,54.31,53.22,53.92,195937,1053080949.0
2023-11-21,688981.SH,中芯国际,53.98,54.34,53.58,53.61,156090,843669046.0
2023-11-22,688981.SH,中芯国际,53.42,53.79,52.63,52.64,167712,893395082.0
2023-11-23,688981.SH,中芯国际,52.5,53.46,52.42,53.38,142333,753895793.0
2023-11-24,688981.SH,中芯国际,53.2,54.2,53.15,54.09,182634,981410035.0
2023-11-27,688981.SH,中芯国际,54.09,54.79,53.6,54.61,229086,1242797857.0
2023-11-28,688981.SH,中芯国际,54.69,54.88,54.2,54.55,153921,840697470.0
2023-11-29,688981.SH,中芯国际,54.61,54.79,53.6,53.7,141341,764116505.0
2023-11-30,688981.SH,中芯国际,53.76,54.19,53.45,53.7,107829,580168888.0
2023-12-01,688981.SH,中芯国际,53.6,54.57,52.9,54.15,178655,960244809.0
2023-12-04,688981.SH,中芯国际,54.15,54.53,53.03,53.18,165568,886710470.0
2023-12-05,688981.SH,中芯国际,53.05,53.17,52.39,52.39,143971,758829188.0
2023-12-06,688981.SH,中芯国际,52.16,52.78,51.74,51.97,182132,950451751.0
2023-12-07,688981.SH,中芯国际,51.88,52.67,51.55,52.67,232852,1215586143.0
2023-12-08,688981.SH,中芯国际,52.67,52.68,51.1,52.55,381398,1985072089.0
2023-12-11,688981.SH,中芯国际,52.01,53.22,51.7,53.18,219874,1154536240.0
2023-12-12,688981.SH,中芯国际,53.24,54.17,52.86,54.12,209746,1124677203.0
2023-12-13,688981.SH,中芯国际,54.0,54.56,53.7,53.75,179163,970375525.0
2023-12-14,688981.SH,中芯国际,54.0,54.2,53.07,53.1,123584,664063613.0
2023-12-15,688981.SH,中芯国际,53.29,54.14,53.03,53.6,121309,651165129.0
2023-12-18,688981.SH,中芯国际,53.49,53.99,53.2,53.74,100652,540840132.0
2023-12-19,688981.SH,中芯国际,53.65,54.94,53.61,54.76,204125,1112052090.0
2023-12-20,688981.SH,中芯国际,54.89,55.24,54.46,54.51,144750,793468719.0
2023-12-21,688981.SH,中芯国际,54.24,54.7,53.36,54.57,144983,786354870.0
2023-12-22,688981.SH,中芯国际,54.49,55.19,54.39,54.79,151735,832872997.0
2023-12-25,688981.SH,中芯国际,54.6,55.0,52.85,53.01,177884,954109664.0
2023-12-26,688981.SH,中芯国际,53.01,53.23,51.8,51.85,144016,754093590.0
2023-12-27,688981.SH,中芯国际,51.83,52.29,51.18,51.91,151735,786451367.0
2023-12-28,688981.SH,中芯国际,51.7,53.45,51.68,53.13,192119,1015242627.0
2023-12-29,688981.SH,中芯国际,53.0,53.5,52.88,53.02,126487,671919217.0
2024-01-02,688981.SH,中芯国际,53.02,53.27,52.72,52.96,134591,713792764.0
2024-01-03,688981.SH,中芯国际,52.85,53.18,52.16,52.48,128475,675958355.0
2024-01-04,688981.SH,中芯国际,52.5,52.7,51.42,51.88,148885,773314889.0
2024-01-05,688981.SH,中芯国际,51.75,52.48,50.19,50.58,194369,998406765.0
2024-01-08,688981.SH,中芯国际,50.59,50.81,48.6,49.5,224988,1110310363.0
2024-01-09,688981.SH,中芯国际,49.48,49.67,47.9,48.45,204946,997731837.0
2024-01-10,688981.SH,中芯国际,48.25,48.55,47.41,47.47,149635,714549962.0
2024-01-11,688981.SH,中芯国际,47.28,48.22,47.15,47.6,178597,849780614.0
2024-01-12,688981.SH,中芯国际,47.5,47.55,45.79,45.83,229001,1064018744.0
2024-01-15,688981.SH,中芯国际,45.8,46.56,45.24,45.67,159438,732805094.0
2024-01-16,688981.SH,中芯国际,45.59,46.08,44.9,45.99,173026,787262836.0
2024-01-17,688981.SH,中芯国际,45.95,45.95,44.69,44.69,132214,597545961.0
2024-01-18,688981.SH,中芯国际,44.69,45.68,43.38,45.64,276796,1227658372.0
2024-01-19,688981.SH,中芯国际,45.5,46.38,45.2,45.86,196674,901687807.0
2024-01-22,688981.SH,中芯国际,45.67,46.23,44.5,44.83,260600,1187192765.0
2024-01-23,688981.SH,中芯国际,44.83,45.69,44.53,44.72,203392,915329858.0
2024-01-24,688981.SH,中芯国际,44.94,45.58,43.73,45.37,208729,930621540.0
2024-01-25,688981.SH,中芯国际,45.45,47.41,45.07,47.26,255771,1187793509.0
2024-01-26,688981.SH,中芯国际,46.9,47.18,46.23,46.5,180096,842394635.0
2024-01-29,688981.SH,中芯国际,46.5,47.18,44.97,45.35,168195,769790276.0
2024-01-30,688981.SH,中芯国际,44.99,45.25,43.03,43.08,236311,1036409500.0
2024-01-31,688981.SH,中芯国际,43.0,44.19,41.85,43.29,264881,1138964849.0
2024-02-01,688981.SH,中芯国际,42.8,44.1,41.77,42.68,219480,944854159.0
2024-02-02,688981.SH,中芯国际,42.78,43.25,40.68,42.13,252096,1061214849.0
2024-02-05,688981.SH,中芯国际,42.26,43.55,40.32,42.97,285353,1202298077.0
2024-02-06,688981.SH,中芯国际,42.71,45.0,42.06,44.97,292767,1286311624.0
2024-02-07,688981.SH,中芯国际,44.66,44.67,42.75,42.9,442122,1925685260.0
2024-02-08,688981.SH,中芯国际,43.11,44.3,43.03,44.0,309155,1353733987.0
2024-02-19,688981.SH,中芯国际,44.6,45.07,44.11,44.82,285691,1274866150.0
2024-02-20,688981.SH,中芯国际,44.55,45.03,43.9,44.45,186966,830698817.0
2024-02-21,688981.SH,中芯国际,44.26,45.8,44.15,44.99,249732,1125352270.0
2024-02-22,688981.SH,中芯国际,44.95,45.71,44.61,45.14,244719,1102980264.0
2024-02-23,688981.SH,中芯国际,45.26,45.44,44.6,44.98,229296,1030559983.0
2024-02-26,688981.SH,中芯国际,44.65,45.55,44.34,44.92,271582,1219389458.0
2024-02-27,688981.SH,中芯国际,44.82,47.58,44.55,47.32,505759,2341707696.0
2024-02-28,688981.SH,中芯国际,47.0,47.92,45.5,45.56,451760,2119465291.0
2024-02-29,688981.SH,中芯国际,45.4,49.11,45.3,48.35,569612,2720709758.0
2024-03-01,688981.SH,中芯国际,48.05,48.75,47.7,48.51,395755,1909634953.0
2024-03-04,688981.SH,中芯国际,48.5,48.7,47.67,48.0,270261,1301182390.0
2024-03-05,688981.SH,中芯国际,47.76,48.4,47.59,48.0,285279,1365886776.0
2024-03-06,688981.SH,中芯国际,48.0,48.05,47.01,47.59,203828,969336570.0
2024-03-07,688981.SH,中芯国际,47.65,48.45,46.8,47.09,238631,1136078794.0
2024-03-08,688981.SH,中芯国际,47.11,47.76,46.6,47.4,189472,895629931.0
2024-03-11,688981.SH,中芯国际,46.86,48.23,46.5,47.99,267494,1266403682.0
2024-03-12,688981.SH,中芯国际,47.86,48.5,47.68,47.88,210032,1008523237.0
2024-03-13,688981.SH,中芯国际,47.97,48.88,47.6,47.85,243074,1172291362.0
2024-03-14,688981.SH,中芯国际,47.51,47.81,46.62,46.7,204172,961432779.0
2024-03-15,688981.SH,中芯国际,46.6,46.84,46.0,46.67,161960,751034883.0
2024-03-18,688981.SH,中芯国际,46.87,48.44,46.7,47.97,298343,1419257651.0
2024-03-19,688981.SH,中芯国际,47.8,47.99,47.2,47.21,172452,820456004.0
2024-03-20,688981.SH,中芯国际,47.49,48.15,47.25,47.54,153500,731912759.0
2024-03-21,688981.SH,中芯国际,47.54,48.1,47.1,47.55,195076,929590455.0
2024-03-22,688981.SH,中芯国际,47.3,47.51,45.58,45.6,292865,1357453260.0
2024-03-25,688981.SH,中芯国际,45.59,45.66,44.56,44.56,214482,965562414.0
2024-03-26,688981.SH,中芯国际,44.6,45.05,44.2,44.54,154277,687234773.0
2024-03-27,688981.SH,中芯国际,44.82,44.82,43.38,43.41,159330,700495124.0
2024-03-28,688981.SH,中芯国际,43.41,44.46,43.41,44.0,155078,682776444.0
2024-03-29,688981.SH,中芯国际,43.93,43.98,42.9,43.66,165388,717917544.0
2024-04-01,688981.SH,中芯国际,43.66,44.63,43.58,44.3,183511,811634437.0
2024-04-02,688981.SH,中芯国际,44.28,44.3,43.65,43.95,115069,504883931.0
2024-04-03,688981.SH,中芯国际,44.98,45.24,44.08,44.24,223610,996010784.0
2024-04-08,688981.SH,中芯国际,43.7,43.71,42.5,42.51,243290,1042392026.0
2024-04-09,688981.SH,中芯国际,42.37,42.88,42.25,42.7,140939,600699958.0
2024-04-10,688981.SH,中芯国际,42.7,42.98,42.1,42.18,137975,585993073.0
2024-04-11,688981.SH,中芯国际,42.1,42.6,40.5,41.19,224263,931943069.0
2024-04-12,688981.SH,中芯国际,41.02,41.45,40.31,40.33,203770,829048827.0
2024-04-15,688981.SH,中芯国际,40.33,41.55,40.01,41.19,216778,886154840.0
2024-04-16,688981.SH,中芯国际,41.0,41.87,40.78,41.18,185270,766353527.0
2024-04-17,688981.SH,中芯国际,41.2,41.79,40.91,41.75,181267,752698692.0
2024-04-18,688981.SH,中芯国际,41.5,41.88,41.35,41.61,165833,690686483.0
2024-04-19,688981.SH,中芯国际,41.36,41.74,40.85,41.38,137413,567558213.0
2024-04-22,688981.SH,中芯国际,41.31,41.62,40.86,41.31,109905,453953672.0
2024-04-23,688981.SH,中芯国际,41.32,41.68,41.02,41.11,109941,454747881.0
2024-04-24,688981.SH,中芯国际,41.25,41.39,40.8,41.25,151939,624334520.0
2024-04-25,688981.SH,中芯国际,41.25,41.86,40.92,41.34,143844,595555209.0
2024-04-26,688981.SH,中芯国际,41.1,42.12,41.1,42.06,220510,922197642.0
2024-04-29,688981.SH,中芯国际,42.13,43.36,42.13,43.05,237697,1020182748.0
2024-04-30,688981.SH,中芯国际,43.0,43.0,41.76,41.91,233965,988025344.0
2024-05-06,688981.SH,中芯国际,42.49,43.03,42.33,42.56,220429,941283488.0
2024-05-07,688981.SH,中芯国际,42.55,42.73,42.2,42.71,129383,550573775.0
2024-05-08,688981.SH,中芯国际,42.81,42.82,42.08,42.16,111559,472673353.0
2024-05-09,688981.SH,中芯国际,42.18,43.89,42.16,43.72,312166,1351312043.0
2024-05-10,688981.SH,中芯国际,43.7,43.98,42.74,42.99,257788,1112390433.0
2024-05-13,688981.SH,中芯国际,42.7,43.5,42.38,43.06,155253,667418005.0
2024-05-14,688981.SH,中芯国际,43.06,43.45,42.71,42.92,135428,581796401.0
2024-05-15,688981.SH,中芯国际,42.74,42.87,41.62,41.66,211119,889591260.0
2024-05-16,688981.SH,中芯国际,42.0,42.5,41.8,41.82,149031,627385977.0
2024-05-17,688981.SH,中芯国际,41.83,42.32,41.56,42.3,126369,531097295.0
2024-05-20,688981.SH,中芯国际,42.4,42.88,42.2,42.57,148071,631055044.0
2024-05-21,688981.SH,中芯国际,42.62,42.63,42.03,42.11,97814,413394676.0
2024-05-22,688981.SH,中芯国际,42.15,42.45,41.84,42.27,143029,601957235.0
2024-05-23,688981.SH,中芯国际,42.18,42.2,41.08,41.17,173715,722285055.0
2024-05-24,688981.SH,中芯国际,41.13,41.35,41.0,41.03,101366,417552863.0
2024-05-27,688981.SH,中芯国际,41.36,43.17,41.36,43.13,374930,1593196322.0
2024-05-28,688981.SH,中芯国际,43.13,43.99,42.9,43.11,349633,1516562321.0
2024-05-29,688981.SH,中芯国际,42.87,43.4,42.59,42.94,168153,722546139.0
2024-05-30,688981.SH,中芯国际,43.03,45.96,42.8,45.39,688850,3094280190.0
2024-05-31,688981.SH,中芯国际,45.1,45.49,44.69,44.85,314630,1414729533.0
2024-06-03,688981.SH,中芯国际,44.96,46.36,44.8,45.44,393682,1796427446.0
2024-06-04,688981.SH,中芯国际,45.3,45.75,44.72,45.55,240510,1087304810.0
2024-06-05,688981.SH,中芯国际,45.42,47.14,45.3,46.12,395897,1841218738.0
2024-06-06,688981.SH,中芯国际,47.23,47.74,46.51,46.8,530523,2503751094.0
2024-06-07,688981.SH,中芯国际,46.79,47.74,46.42,47.21,361994,1706416314.0
2024-06-11,688981.SH,中芯国际,47.09,49.0,47.05,48.94,543172,2638626377.0
2024-06-12,688981.SH,中芯国际,48.7,48.7,47.59,47.9,415576,1995880529.0
2024-06-13,688981.SH,中芯国际,48.18,48.85,47.11,47.2,451427,2167830387.0
2024-06-14,688981.SH,中芯国际,46.9,47.09,46.08,46.49,430889,2003901881.0
2024-06-17,688981.SH,中芯国际,46.4,47.99,46.3,47.77,371984,1763212921.0
2024-06-18,688981.SH,中芯国际,47.88,48.8,47.76,48.13,346620,1672916508.0
2024-06-19,688981.SH,中芯国际,48.1,48.29,46.88,47.53,312582,1486601587.0
2024-06-20,688981.SH,中芯国际,47.45,49.91,47.37,48.8,591656,2896892544.0
2024-06-21,688981.SH,中芯国际,48.34,48.78,47.47,48.75,306605,1476110930.0
2024-06-24,688981.SH,中芯国际,48.6,49.76,47.18,47.26,410178,1980534763.0
2024-06-25,688981.SH,中芯国际,47.04,47.39,45.26,45.54,431295,1991141724.0
2024-06-26,688981.SH,中芯国际,45.95,46.78,45.42,46.47,254825,1173593026.0
2024-06-27,688981.SH,中芯国际,46.17,46.45,45.58,45.71,187443,861865907.0
2024-06-28,688981.SH,中芯国际,45.52,46.42,45.51,46.1,218020,1004720178.0
2024-07-01,688981.SH,中芯国际,46.18,46.42,44.93,45.81,218021,993307678.0
2024-07-02,688981.SH,中芯国际,45.7,46.05,45.31,45.46,192230,878101405.0
2024-07-03,688981.SH,中芯国际,45.55,46.74,45.01,46.26,278849,1284325193.0
2024-07-04,688981.SH,中芯国际,46.1,46.87,46.03,46.16,214786,997203926.0
2024-07-05,688981.SH,中芯国际,46.02,46.67,45.21,46.64,229884,1057957179.0
2024-07-08,688981.SH,中芯国际,46.55,47.3,46.35,46.7,238544,1116722765.0
2024-07-09,688981.SH,中芯国际,46.55,48.56,46.55,48.16,360704,1723195832.0
2024-07-10,688981.SH,中芯国际,47.88,48.3,47.7,47.99,195773,938670284.0
2024-07-11,688981.SH,中芯国际,48.47,49.22,48.11,48.27,299908,1457020915.0
2024-07-12,688981.SH,中芯国际,47.9,48.83,47.42,48.64,220728,1062200327.0
2024-07-15,688981.SH,中芯国际,48.68,49.36,48.65,48.94,200877,984327142.0
2024-07-16,688981.SH,中芯国际,48.7,49.28,47.93,49.2,305539,1486489079.0
2024-07-17,688981.SH,中芯国际,49.08,49.1,48.36,48.36,231866,1130433687.0
2024-07-18,688981.SH,中芯国际,47.33,49.1,47.06,48.75,291437,1403929792.0
2024-07-19,688981.SH,中芯国际,48.5,51.35,48.34,51.2,608624,3061367372.0
2024-07-22,688981.SH,中芯国际,50.9,51.45,50.65,50.98,305580,1557926564.0
2024-07-23,688981.SH,中芯国际,51.0,51.35,49.18,49.28,334544,1681684846.0
2024-07-24,688981.SH,中芯国际,49.34,49.89,48.7,48.85,245582,1210342555.0
2024-07-25,688981.SH,中芯国际,48.6,49.53,48.11,48.7,206800,1009487465.0
2024-07-26,688981.SH,中芯国际,48.68,49.76,48.6,49.75,180695,888744371.0
2024-07-29,688981.SH,中芯国际,49.59,49.98,46.53,46.7,369941,1775575235.0
2024-07-30,688981.SH,中芯国际,46.68,47.88,46.6,47.6,221184,1046826682.0
2024-07-31,688981.SH,中芯国际,47.51,49.2,47.5,49.1,207143,1006957513.0
2024-08-01,688981.SH,中芯国际,48.99,49.79,48.9,49.11,161893,798449129.0
2024-08-02,688981.SH,中芯国际,48.61,49.22,48.1,48.42,193644,938769737.0
2024-08-05,688981.SH,中芯国际,47.95,48.48,47.0,47.29,233085,1111376069.0
2024-08-06,688981.SH,中芯国际,47.7,47.96,46.3,47.27,177103,832925225.0
2024-08-07,688981.SH,中芯国际,47.4,47.56,47.1,47.22,87378,413822927.0
2024-08-08,688981.SH,中芯国际,47.01,47.9,46.76,47.48,125732,595635655.0
2024-08-09,688981.SH,中芯国际,49.5,49.81,48.47,48.49,271805,1334185240.0
2024-08-12,688981.SH,中芯国际,48.35,48.98,48.0,48.78,144573,702854845.0
2024-08-13,688981.SH,中芯国际,48.8,49.2,48.74,49.2,142119,696438780.0
2024-08-14,688981.SH,中芯国际,49.3,49.46,48.8,48.95,130242,640093246.0
2024-08-15,688981.SH,中芯国际,48.61,49.75,48.56,49.68,185120,914564799.0
2024-08-16,688981.SH,中芯国际,49.63,49.73,49.07,49.46,118403,584952106.0
2024-08-19,688981.SH,中芯国际,49.49,49.98,49.14,49.46,106591,529011501.0
2024-08-20,688981.SH,中芯国际,49.46,49.59,48.47,48.75,142709,697840374.0
2024-08-21,688981.SH,中芯国际,48.75,48.98,47.76,47.78,142469,687626381.0
2024-08-22,688981.SH,中芯国际,47.6,47.85,46.03,46.54,234638,1094773982.0
2024-08-23,688981.SH,中芯国际,46.5,47.2,46.12,47.13,130266,609961822.0
2024-08-26,688981.SH,中芯国际,47.12,47.45,46.88,47.35,89836,424194788.0
2024-08-27,688981.SH,中芯国际,47.3,47.35,46.54,46.72,110601,517689800.0
2024-08-28,688981.SH,中芯国际,46.8,47.66,46.69,47.36,92523,437525280.0
2024-08-29,688981.SH,中芯国际,47.15,47.62,46.99,47.26,106166,502868959.0
2024-08-30,688981.SH,中芯国际,46.85,48.48,46.71,48.24,215168,1029589930.0
2024-09-02,688981.SH,中芯国际,48.04,48.2,46.71,46.78,152630,722833408.0
2024-09-03,688981.SH,中芯国际,46.67,47.18,45.65,46.26,170095,787442424.0
2024-09-04,688981.SH,中芯国际,45.79,46.26,45.51,45.53,121542,556296023.0
2024-09-05,688981.SH,中芯国际,45.6,46.1,45.52,45.97,96704,443119201.0
2024-09-06,688981.SH,中芯国际,46.02,46.08,45.08,45.08,103709,471332179.0
2024-09-09,688981.SH,中芯国际,44.81,45.45,44.63,44.87,91520,411954270.0
2024-09-10,688981.SH,中芯国际,44.88,45.09,43.95,44.84,124351,552841085.0
2024-09-11,688981.SH,中芯国际,44.5,44.7,42.9,43.33,211768,922753568.0
2024-09-12,688981.SH,中芯国际,43.3,43.89,42.95,42.98,135165,585769072.0
2024-09-13,688981.SH,中芯国际,43.2,43.26,42.4,42.4,141555,606446383.0
2024-09-18,688981.SH,中芯国际,42.68,43.47,42.5,43.17,154174,663453408.0
2024-09-19,688981.SH,中芯国际,43.28,44.14,43.0,43.74,144365,629627227.0
2024-09-20,688981.SH,中芯国际,43.72,43.99,43.28,43.86,103734,453249987.0
2024-09-23,688981.SH,中芯国际,43.98,44.05,43.37,43.43,94437,411933389.0
2024-09-24,688981.SH,中芯国际,43.73,44.79,43.37,44.77,214159,947444930.0
2024-09-25,688981.SH,中芯国际,45.05,46.0,44.82,44.9,247583,1125901688.0
2024-09-26,688981.SH,中芯国际,45.0,46.49,44.77,46.36,260173,1188607840.0
2024-09-27,688981.SH,中芯国际,47.0,50.0,47.0,49.99,298874,1447355629.0
2024-09-30,688981.SH,中芯国际,53.0,59.99,53.0,59.99,1092636,6255248098.0
2024-10-08,688981.SH,中芯国际,71.99,71.99,70.0,71.99,976652,7016236459.0
2024-10-09,688981.SH,中芯国际,72.19,86.39,70.5,83.89,3475315,28255009862.0
2024-10-10,688981.SH,中芯国际,85.1,86.35,70.01,75.02,2104016,16322871324.0
2024-10-11,688981.SH,中芯国际,71.03,73.7,68.8,69.48,1362732,9649229123.0
2024-10-14,688981.SH,中芯国际,69.48,76.5,67.77,75.6,1364157,9835546719.0
2024-10-15,688981.SH,中芯国际,74.99,81.53,73.48,74.18,1404021,10800700115.0
2024-10-16,688981.SH,中芯国际,71.14,76.76,70.88,74.09,854294,6339481074.0
2024-10-17,688981.SH,中芯国际,77.0,77.64,74.02,75.12,882099,6646213968.0
2024-10-18,688981.SH,中芯国际,75.8,90.14,74.44,90.14,2093876,17572905892.0
2024-10-21,688981.SH,中芯国际,94.0,107.76,91.9,97.48,2794293,27425436558.0
2024-10-22,688981.SH,中芯国际,94.99,99.04,92.89,96.04,1859135,17850570801.0
2024-10-23,688981.SH,中芯国际,93.04,95.5,91.54,92.31,1383956,12913292178.0
2024-10-24,688981.SH,中芯国际,91.45,96.47,91.17,94.56,1125060,10553036503.0
2024-10-25,688981.SH,中芯国际,94.56,98.66,92.52,93.7,1106464,10481219254.0
2024-10-28,688981.SH,中芯国际,93.0,93.98,92.0,93.1,725668,6738404403.0
2024-10-29,688981.SH,中芯国际,92.78,96.55,92.29,92.3,1132671,10670224998.0
2024-10-30,688981.SH,中芯国际,91.79,92.78,84.85,85.82,1608709,14096960438.0
2024-10-31,688981.SH,中芯国际,85.48,88.94,83.7,86.93,1166113,10121960492.0
2024-11-01,688981.SH,中芯国际,85.19,88.25,84.81,84.81,883510,7623522111.0
2024-11-04,688981.SH,中芯国际,84.63,87.19,84.18,86.81,576583,4954515253.0
2024-11-05,688981.SH,中芯国际,87.48,96.0,87.01,95.8,1453833,13510951854.0
2024-11-06,688981.SH,中芯国际,97.0,99.97,93.33,96.04,1417986,13644672955.0
2024-11-07,688981.SH,中芯国际,94.2,105.0,94.01,101.89,1262530,12339467581.0
2024-11-08,688981.SH,中芯国际,107.3,109.5,100.0,100.3,1609571,16884507677.0
2024-11-11,688981.SH,中芯国际,104.6,108.3,100.62,104.98,1380690,14543774859.0
2024-11-12,688981.SH,中芯国际,102.6,104.87,100.0,101.11,1088668,11121892127.0
2024-11-13,688981.SH,中芯国际,99.9,100.9,97.88,99.14,807595,7999842265.0
2024-11-14,688981.SH,中芯国际,99.13,102.0,96.61,96.87,761941,7549646077.0
2024-11-15,688981.SH,中芯国际,96.87,98.7,94.9,94.91,710667,6874215101.0
2024-11-18,688981.SH,中芯国际,95.7,97.5,91.37,92.3,828974,7818657519.0
2024-11-19,688981.SH,中芯国际,92.1,95.39,90.22,94.9,831597,7685226379.0
2024-11-20,688981.SH,中芯国际,94.0,94.57,92.6,93.28,585075,5461026114.0
2024-11-21,688981.SH,中芯国际,93.0,94.9,92.5,93.5,561971,5261662792.0
2024-11-22,688981.SH,中芯国际,94.7,95.5,88.55,88.77,792401,7262624326.0
2024-11-25,688981.SH,中芯国际,88.76,88.77,84.52,86.16,769059,6619040919.0
2024-11-26,688981.SH,中芯国际,85.97,86.66,85.03,85.1,353635,3031752239.0
2024-11-27,688981.SH,中芯国际,84.65,89.04,83.13,88.0,774305,6702107164.0
2024-11-28,688981.SH,中芯国际,88.2,90.3,86.83,87.08,611101,5379089959.0
2024-11-29,688981.SH,中芯国际,86.83,93.45,85.64,90.1,879404,7877287511.0
2024-12-02,688981.SH,中芯国际,89.9,90.69,88.01,89.49,640108,5727497110.0
2024-12-03,688981.SH,中芯国际,89.67,90.35,86.03,87.23,586760,5144153239.0
2024-12-04,688981.SH,中芯国际,90.53,91.0,87.25,87.67,681067,6069393147.0
2024-12-05,688981.SH,中芯国际,86.2,88.26,86.14,87.0,395957,3445580322.0
2024-12-06,688981.SH,中芯国际,86.5,89.69,86.3,88.93,540441,4776133051.0
2024-12-09,688981.SH,中芯国际,88.06,88.75,85.99,86.78,424113,3699239863.0
2024-12-10,688981.SH,中芯国际,91.49,91.99,87.79,88.0,696681,6260001391.0
2024-12-11,688981.SH,中芯国际,87.11,88.33,86.5,86.82,400654,3497866787.0
2024-12-12,688981.SH,中芯国际,87.16,88.2,85.69,87.17,444898,3859300466.0
2024-12-13,688981.SH,中芯国际,86.81,86.81,82.85,82.99,820032,6922583408.0
2024-12-16,688981.SH,中芯国际,82.3,83.2,81.21,81.5,476296,3899339618.0
2024-12-17,688981.SH,中芯国际,81.35,83.1,81.31,82.19,406622,3337273305.0
2024-12-18,688981.SH,中芯国际,82.82,83.95,82.09,83.4,484000,4019779411.0
2024-12-19,688981.SH,中芯国际,82.3,86.53,81.88,85.44,673992,5699200996.0
2024-12-20,688981.SH,中芯国际,85.07,98.8,85.07,94.28,1767703,16308583665.0
2024-12-23,688981.SH,中芯国际,93.69,99.2,93.6,95.18,1456756,14051252987.0
2024-12-24,688981.SH,中芯国际,95.99,97.34,92.99,96.86,912045,8713502072.0
2024-12-25,688981.SH,中芯国际,96.48,99.8,96.38,97.99,985329,9679610219.0
2024-12-26,688981.SH,中芯国际,98.0,98.88,96.15,96.73,711046,6914605464.0
2024-12-27,688981.SH,中芯国际,96.78,102.37,96.49,97.51,1144716,11378943925.0
2024-12-30,688981.SH,中芯国际,96.6,100.53,96.0,99.29,906573,8950494606.0
2024-12-31,688981.SH,中芯国际,99.0,99.58,94.59,94.62,878238,8446753613.0
2025-01-02,688981.SH,中芯国际,93.81,95.09,88.5,89.96,849711,7762894946.0
2025-01-03,688981.SH,中芯国际,90.1,91.13,87.53,88.31,612890,5452105981.0
2025-01-06,688981.SH,中芯国际,88.84,89.6,85.72,86.94,438313,3822056709.0
2025-01-07,688981.SH,中芯国际,87.1,90.75,86.0,90.6,672148,5939309425.0
2025-01-08,688981.SH,中芯国际,88.88,91.28,85.99,88.82,687907,6092441315.0
2025-01-09,688981.SH,中芯国际,88.4,93.33,88.1,91.32,724165,6635272045.0
2025-01-10,688981.SH,中芯国际,90.85,96.68,90.85,93.18,899889,8521652351.0
2025-01-13,688981.SH,中芯国际,91.0,95.86,89.88,95.02,680256,6365470803.0
2025-01-14,688981.SH,中芯国际,96.95,99.58,94.45,98.77,928881,9014169473.0
2025-01-15,688981.SH,中芯国际,97.5,102.29,97.3,99.55,776592,7724457763.0
2025-01-16,688981.SH,中芯国际,102.18,104.46,96.6,96.6,1034775,10410150423.0
2025-01-17,688981.SH,中芯国际,96.51,104.77,96.51,102.7,1094032,11038758102.0
2025-01-20,688981.SH,中芯国际,102.98,103.0,100.3,101.05,596673,6056075424.0
2025-01-21,688981.SH,中芯国际,101.5,104.35,101.1,101.84,744353,7645379055.0
2025-01-22,688981.SH,中芯国际,101.3,103.22,99.5,100.24,616412,6226701936.0
2025-01-23,688981.SH,中芯国际,102.8,103.87,96.7,96.84,868506,8670498047.0
2025-01-24,688981.SH,中芯国际,97.16,98.62,96.77,97.85,471983,4612028434.0
2025-01-27,688981.SH,中芯国际,98.38,98.39,93.9,93.94,528446,5033311481.0
2025-02-05,688981.SH,中芯国际,100.16,102.84,99.44,101.37,977568,9875682590.0
2025-02-06,688981.SH,中芯国际,100.11,106.43,99.66,104.43,893970,9242630081.0
2025-02-07,688981.SH,中芯国际,104.42,105.27,100.08,102.53,932541,9611209774.0
2025-02-10,688981.SH,中芯国际,102.8,104.52,101.01,103.85,668563,6877245115.0
2025-02-11,688981.SH,中芯国际,103.6,103.7,100.36,100.86,544490,5526964300.0
2025-02-12,688981.SH,中芯国际,101.5,104.44,99.41,104.32,975860,9960164598.0
2025-02-13,688981.SH,中芯国际,104.77,104.96,100.89,101.11,690646,7105289382.0
2025-02-14,688981.SH,中芯国际,99.96,100.87,98.16,99.08,567135,5617455817.0
2025-02-17,688981.SH,中芯国际,99.3,102.45,99.3,101.0,580942,5858537822.0
2025-02-18,688981.SH,中芯国际,101.01,101.27,98.17,98.28,505462,5026979643.0
2025-02-19,688981.SH,中芯国际,97.95,102.58,97.91,101.94,700747,7091961138.0
2025-02-20,688981.SH,中芯国际,101.0,101.4,98.88,99.21,564940,5622534305.0
2025-02-21,688981.SH,中芯国际,99.6,105.92,99.6,103.98,1233868,12714952875.0
2025-02-24,688981.SH,中芯国际,103.0,106.86,102.0,103.4,747225,7780805439.0
2025-02-25,688981.SH,中芯国际,100.88,103.94,100.11,101.28,711722,7229312776.0
2025-02-26,688981.SH,中芯国际,102.86,105.5,100.06,104.0,889911,9162003662.0
2025-02-27,688981.SH,中芯国际,103.13,105.21,100.44,102.44,697908,7142716345.0
2025-02-28,688981.SH,中芯国际,101.0,101.59,97.67,97.79,678408,6732922355.0
2025-03-03,688981.SH,中芯国际,96.99,98.1,95.18,96.0,498787,4816533325.0
2025-03-04,688981.SH,中芯国际,95.0,99.07,94.61,97.28,444694,4308124360.0
2025-03-05,688981.SH,中芯国际,97.3,98.2,96.16,97.57,350973,3414276471.0
2025-03-06,688981.SH,中芯国际,98.85,100.3,98.37,98.66,567567,5642824934.0
2025-03-07,688981.SH,中芯国际,97.6,98.55,96.52,96.88,393987,3840947517.0
2025-03-10,688981.SH,中芯国际,96.39,97.29,95.01,95.66,384519,3684030338.0
2025-03-11,688981.SH,中芯国际,94.0,96.32,93.8,96.12,306263,2922193664.0
2025-03-12,688981.SH,中芯国际,96.5,97.05,95.71,95.9,286390,2756820884.0
2025-03-13,688981.SH,中芯国际,95.39,96.08,92.1,92.98,442011,4139197752.0
2025-03-14,688981.SH,中芯国际,92.98,95.61,92.5,94.81,401376,3790992802.0
2025-03-17,688981.SH,中芯国际,94.89,94.91,93.16,93.37,312052,2922593146.0
2025-03-18,688981.SH,中芯国际,93.99,95.8,93.9,94.1,298666,2825272135.0
2025-03-19,688981.SH,中芯国际,93.9,94.57,93.5,93.75,233190,2190220313.0
2025-03-20,688981.SH,中芯国际,93.8,94.29,93.0,93.27,272040,2542075786.0
2025-03-21,688981.SH,中芯国际,92.98,92.98,90.9,91.2,365399,3348039981.0
2025-03-24,688981.SH,中芯国际,91.5,91.68,89.81,91.45,296545,2690474664.0
2025-03-25,688981.SH,中芯国际,91.45,91.45,89.25,89.87,283382,2552615281.0
2025-03-26,688981.SH,中芯国际,90.2,91.2,89.82,90.0,194908,1763593743.0
2025-03-27,688981.SH,中芯国际,90.0,93.78,89.37,92.47,457297,4202025652.0
2025-03-28,688981.SH,中芯国际,91.54,92.48,90.35,90.4,274409,2503225495.0
2025-03-31,688981.SH,中芯国际,90.39,91.7,88.36,89.33,268205,2401106877.0
2025-04-01,688981.SH,中芯国际,89.5,89.75,86.19,86.5,411913,3614591670.0
2025-04-02,688981.SH,中芯国际,86.38,87.45,85.72,86.85,240567,2082847480.0
2025-04-03,688981.SH,中芯国际,85.97,89.2,85.9,88.09,302774,2662731070.0
2025-04-07,688981.SH,中芯国际,84.5,86.88,77.8,84.0,853684,7116307894.0
2025-04-08,688981.SH,中芯国际,84.0,85.88,83.0,85.0,538169,4544056102.0
2025-04-09,688981.SH,中芯国际,84.03,91.58,83.17,90.18,746014,6627104338.0
2025-04-10,688981.SH,中芯国际,92.02,92.18,89.82,90.95,522287,4754704697.0
2025-04-11,688981.SH,中芯国际,90.86,95.48,90.2,92.9,713434,6634661362.0
2025-04-14,688981.SH,中芯国际,93.5,93.54,91.69,92.0,376119,3478283998.0
2025-04-15,688981.SH,中芯国际,91.8,91.8,89.68,90.39,278523,2516501931.0
2025-04-16,688981.SH,中芯国际,91.0,92.0,89.87,92.0,279251,2535954433.0
2025-04-17,688981.SH,中芯国际,91.3,92.38,91.0,91.8,228970,2098564735.0
2025-04-18,688981.SH,中芯国际,91.49,91.88,90.53,91.35,138480,1262213957.0
2025-04-21,688981.SH,中芯国际,91.34,91.75,90.13,90.51,232215,2101254766.0
2025-04-22,688981.SH,中芯国际,90.5,90.88,89.75,90.01,217505,1961134822.0
2025-04-23,688981.SH,中芯国际,90.15,90.72,89.85,90.07,211848,1911433962.0
2025-04-24,688981.SH,中芯国际,90.15,90.2,88.5,89.1,208815,1866607742.0
2025-04-25,688981.SH,中芯国际,89.1,89.55,88.03,88.42,230068,2042213238.0
2025-04-28,688981.SH,中芯国际,88.42,89.09,88.0,88.23,144467,1277416731.0
2025-04-29,688981.SH,中芯国际,88.02,88.52,87.8,88.0,131109,1155665954.0
2025-04-30,688981.SH,中芯国际,88.23,89.41,88.01,89.05,201831,1794818651.0
2025-05-06,688981.SH,中芯国际,89.4,90.35,89.25,89.9,238587,2145840909.0
2025-05-07,688981.SH,中芯国际,91.46,91.66,89.73,90.5,263420,2380343630.0
2025-05-08,688981.SH,中芯国际,90.09,90.09,89.31,89.98,232452,2084813429.0
2025-05-09,688981.SH,中芯国际,87.0,87.82,85.72,85.83,583010,5026453513.0
2025-05-12,688981.SH,中芯国际,85.9,86.32,84.16,86.32,368373,3153571644.0
2025-05-13,688981.SH,中芯国际,87.2,87.3,85.38,85.52,241259,2076199217.0
2025-05-14,688981.SH,中芯国际,85.58,86.75,85.28,86.06,231899,1993260330.0
2025-05-15,688981.SH,中芯国际,85.8,85.98,84.35,84.42,215519,1831222090.0
2025-05-16,688981.SH,中芯国际,84.16,84.78,83.88,84.7,170394,1440061786.0
2025-05-19,688981.SH,中芯国际,84.71,85.28,83.72,85.01,164122,1388817069.0
2025-05-20,688981.SH,中芯国际,85.4,85.82,85.0,85.04,154838,1321269793.0
2025-05-21,688981.SH,中芯国际,84.79,85.15,84.0,84.07,198406,1675029541.0
2025-05-22,688981.SH,中芯国际,84.0,84.68,83.71,83.81,133474,1122377856.0
2025-05-23,688981.SH,中芯国际,83.8,84.24,82.89,82.9,185620,1551041949.0
2025-05-26,688981.SH,中芯国际,83.42,84.68,83.41,84.02,223781,1882447781.0
2025-05-27,688981.SH,中芯国际,84.0,84.23,82.95,83.0,144056,1200051946.0
2025-05-28,688981.SH,中芯国际,83.14,83.24,82.0,82.01,157667,1297314112.0
2025-05-29,688981.SH,中芯国际,82.05,83.49,81.9,83.44,192956,1598937910.0
2025-05-30,688981.SH,中芯国际,83.01,83.1,81.94,82.09,145772,1198911741.0
2025-06-03,688981.SH,中芯国际,82.2,82.78,81.37,82.47,141137,1162425514.0
2025-06-04,688981.SH,中芯国际,82.6,83.32,82.26,83.18,137134,1138879574.0
2025-06-05,688981.SH,中芯国际,83.49,84.87,83.03,84.39,247592,2080746163.0
2025-06-06,688981.SH,中芯国际,84.33,85.0,83.78,84.56,186347,1572905265.0
2025-06-09,688981.SH,中芯国际,84.15,85.08,84.1,84.43,192275,1624823835.0
2025-06-10,688981.SH,中芯国际,84.49,84.49,82.02,82.32,254439,2108011020.0
2025-06-11,688981.SH,中芯国际,82.46,83.36,82.29,82.91,154359,1280828441.0
2025-06-12,688981.SH,中芯国际,82.5,82.88,82.06,82.27,145370,1197309499.0
2025-06-13,688981.SH,中芯国际,82.0,83.1,81.71,82.79,226217,1862940752.0
2025-06-16,688981.SH,中芯国际,82.3,83.07,82.28,82.96,125096,1036015926.0
2025-06-17,688981.SH,中芯国际,82.98,83.13,82.02,82.4,137647,1134381975.0
2025-06-18,688981.SH,中芯国际,82.23,82.67,81.66,82.01,149121,1224810465.0
2025-06-19,688981.SH,中芯国际,82.0,82.88,81.51,81.65,177290,1454669266.0
2025-06-20,688981.SH,中芯国际,81.73,82.59,81.22,81.28,166914,1365214470.0
2025-06-23,688981.SH,中芯国际,81.03,85.3,80.9,84.25,453871,3804935799.0
2025-06-24,688981.SH,中芯国际,84.25,85.37,84.09,85.15,309367,2628501521.0
2025-06-25,688981.SH,中芯国际,85.0,88.53,85.0,88.39,557190,4850225496.0
2025-06-26,688981.SH,中芯国际,88.39,89.98,87.2,87.28,386565,3414871361.0
2025-06-27,688981.SH,中芯国际,87.58,88.15,86.7,86.88,261659,2286914164.0
2025-06-30,688981.SH,中芯国际,88.18,89.63,87.79,88.17,343528,3041329541.0
2025-07-01,688981.SH,中芯国际,88.0,88.85,87.65,87.76,216888,1911740652.0
2025-07-02,688981.SH,中芯国际,87.5,87.73,85.81,86.1,225573,1955238262.0
2025-07-03,688981.SH,中芯国际,86.38,86.73,85.78,86.24,146150,1260331049.0
2025-07-04,688981.SH,中芯国际,86.0,87.2,84.86,85.8,252257,2166412311.0
2025-07-07,688981.SH,中芯国际,85.69,86.86,85.37,85.48,135349,1162397568.0
2025-07-08,688981.SH,中芯国际,85.49,86.85,85.18,86.74,217668,1876172230.0
2025-07-09,688981.SH,中芯国际,86.65,86.86,85.52,85.85,183102,1578143686.0
2025-07-10,688981.SH,中芯国际,85.61,86.17,85.5,85.67,175639,1506706468.0
2025-07-11,688981.SH,中芯国际,85.7,89.34,85.4,88.16,469922,4128335550.0
2025-07-14,688981.SH,中芯国际,88.3,88.49,87.47,87.52,189831,1667925619.0
2025-07-15,688981.SH,中芯国际,87.15,87.95,86.61,87.89,206173,1800356659.0
2025-07-16,688981.SH,中芯国际,87.73,88.2,86.77,87.12,196709,1720548788.0
2025-07-17,688981.SH,中芯国际,87.06,89.0,86.32,88.79,287922,2535637954.0
2025-07-18,688981.SH,中芯国际,88.75,89.13,87.93,88.51,219960,1948101634.0
2025-07-21,688981.SH,中芯国际,88.45,89.52,88.04,89.02,222719,1983498560.0
2025-07-22,688981.SH,中芯国际,88.7,90.55,88.5,89.08,297421,2662984479.0
2025-07-23,688981.SH,中芯国际,88.9,90.19,88.3,89.39,316549,2831683379.0
2025-07-24,688981.SH,中芯国际,89.1,92.9,89.0,91.75,522325,4779308503.0
2025-07-25,688981.SH,中芯国际,91.74,93.68,90.99,93.47,442125,4076414682.0
2025-07-28,688981.SH,中芯国际,93.64,93.69,91.96,92.18,342640,3167887757.0
2025-07-29,688981.SH,中芯国际,92.0,92.63,90.81,92.17,294142,2699803673.0
2025-07-30,688981.SH,中芯国际,91.7,91.83,89.74,90.36,310019,2815721986.0
2025-07-31,688981.SH,中芯国际,90.32,92.75,89.46,89.5,461989,4187082774.0
2025-08-01,688981.SH,中芯国际,89.2,90.33,88.02,88.29,274140,2439842712.0
2025-08-04,688981.SH,中芯国际,87.95,90.63,87.88,90.07,286058,2568808038.0
2025-08-05,688981.SH,中芯国际,89.85,90.58,89.58,90.0,195679,1761818589.0
2025-08-06,688981.SH,中芯国际,89.86,91.0,89.53,90.78,267798,2418543090.0
2025-08-07,688981.SH,中芯国际,90.7,91.7,89.75,90.59,315260,2859638849.0
2025-08-08,688981.SH,中芯国际,88.0,88.5,86.66,86.66,584731,5098977106.0
2025-08-11,688981.SH,中芯国际,86.69,87.18,86.22,86.96,279193,2423559078.0
2025-08-12,688981.SH,中芯国际,86.95,90.1,86.42,88.52,551552,4870773398.0
2025-08-13,688981.SH,中芯国际,88.01,89.23,88.0,88.66,384304,3405728486.0
2025-08-14,688981.SH,中芯国际,88.69,92.58,88.69,89.46,741492,6741604128.0
2025-08-15,688981.SH,中芯国际,89.0,93.3,88.48,91.84,690499,6288369530.0
2025-08-18,688981.SH,中芯国际,93.5,95.17,91.36,92.31,833423,7749849746.0
2025-08-19,688981.SH,中芯国际,91.67,92.48,89.35,89.35,744652,6762914098.0
2025-08-20,688981.SH,中芯国际,89.4,92.49,88.19,92.28,858746,7756060795.0
2025-08-21,688981.SH,中芯国际,92.3,94.11,90.8,91.05,606826,5593619618.0
2025-08-22,688981.SH,中芯国际,92.5,105.0,92.42,103.97,2061948,20322967700.0
2025-08-25,688981.SH,中芯国际,106.0,109.24,101.1,103.17,1760637,18348502386.0
2025-08-26,688981.SH,中芯国际,101.0,102.57,100.13,100.93,856074,8663988281.0
2025-08-27,688981.SH,中芯国际,102.2,106.69,100.59,101.51,1422621,14762335293.0
2025-08-28,688981.SH,中芯国际,102.0,119.22,101.99,119.22,2420325,27118768322.0
2025-08-29,688981.SH,中芯国际,114.0,116.0,112.26,114.76,1639670,18711478532.0
2025-09-09,688981.SH,中芯国际,102.0,108.65,101.2,102.99,1574696,16482005030.0
2025-09-10,688981.SH,中芯国际,103.0,105.96,102.13,103.91,1039926,10822524036.0
2025-09-11,688981.SH,中芯国际,102.62,112.8,99.98,110.28,1467502,15776091423.0
2025-09-12,688981.SH,中芯国际,109.28,112.49,108.01,108.42,1159022,12730296246.0
2025-09-15,688981.SH,中芯国际,110.55,112.55,107.5,108.66,946836,10395575384.0
2025-09-16,688981.SH,中芯国际,109.0,111.86,108.09,109.78,866259,9501062259.0
2025-09-17,688981.SH,中芯国际,110.8,120.8,109.8,117.39,1528476,17861084416.0
2025-09-18,688981.SH,中芯国际,119.98,127.49,116.35,122.15,1931568,23495279107.0
2025-09-19,688981.SH,中芯国际,123.0,127.4,120.11,121.34,1449106,17943778047.0
2025-09-22,688981.SH,中芯国际,120.54,129.83,119.05,128.92,1588281,19858613711.0
2025-09-23,688981.SH,中芯国际,127.64,129.33,122.63,128.51,1441274,18120121818.0
2025-09-24,688981.SH,中芯国际,126.88,137.98,126.23,134.98,1460948,19497523265.0
2025-09-25,688981.SH,中芯国际,133.0,137.8,132.31,134.11,1032583,13953307668.0
2025-09-26,688981.SH,中芯国际,132.71,135.95,131.2,132.27,912445,12181639386.0
2025-09-29,688981.SH,中芯国际,131.0,136.02,129.16,136.02,1027207,13627566349.0
2025-09-30,688981.SH,中芯国际,138.5,142.0,136.6,140.13,986229,13794113059.0
2025-10-09,688981.SH,中芯国际,144.0,153.0,137.0,138.91,1662841,24249284345.0
2025-10-10,688981.SH,中芯国际,134.87,134.94,127.17,127.95,1617421,21074152020.0
2025-10-13,688981.SH,中芯国际,126.0,136.48,126.0,136.47,1402995,18642587057.0
2025-10-14,688981.SH,中芯国际,136.96,137.8,125.8,127.2,1321004,17321652001.0
2025-10-15,688981.SH,中芯国际,127.18,129.73,124.6,129.56,807987,10284318328.0
2025-10-16,688981.SH,中芯国际,127.8,130.28,126.6,127.3,612311,7841134057.0
2025-10-17,688981.SH,中芯国际,126.85,127.32,120.87,121.98,820529,10097285540.0
2025-10-20,688981.SH,中芯国际,124.1,125.18,121.69,122.63,571239,7060333630.0
2025-10-21,688981.SH,中芯国际,123.8,127.85,122.61,127.19,784151,9888217346.0
2025-10-22,688981.SH,中芯国际,125.42,129.27,123.81,126.81,653954,8265031817.0
2025-10-23,688981.SH,中芯国际,125.18,128.5,124.01,128.3,634264,8038110025.0
2025-10-24,688981.SH,中芯国际,130.3,134.8,128.9,134.06,1024466,13548726657.0
2025-10-27,688981.SH,中芯国际,137.5,137.5,132.3,134.5,1012643,13623206912.0
2025-10-28,688981.SH,中芯国际,133.0,135.8,132.0,132.69,695189,9299045972.0
2025-10-29,688981.SH,中芯国际,132.0,134.53,130.31,133.0,688461,9111437510.0
2025-10-30,688981.SH,中芯国际,133.0,133.0,128.51,128.55,692864,9018982748.0
2025-10-31,688981.SH,中芯国际,128.03,128.7,124.18,124.18,691669,8692098673.0
2025-11-03,688981.SH,中芯国际,122.0,122.6,117.55,120.21,747709,8940382093.0
2025-11-04,688981.SH,中芯国际,121.0,122.66,119.0,119.88,477384,5770504489.0
2025-11-05,688981.SH,中芯国际,116.9,121.1,116.5,119.78,485016,5753269424.0
2025-11-06,688981.SH,中芯国际,121.9,125.99,121.05,124.85,731508,9060521121.0
2025-11-07,688981.SH,中芯国际,122.93,124.18,122.05,122.11,382292,4694221497.0
2025-11-10,688981.SH,中芯国际,122.13,122.95,118.76,120.01,395833,4749065264.0
2025-11-11,688981.SH,中芯国际,120.6,121.47,117.53,117.73,342530,4073862296.0
2025-11-12,688981.SH,中芯国际,117.0,119.8,115.74,119.63,457016,5405408039.0
2025-11-13,688981.SH,中芯国际,118.99,123.33,117.8,123.1,549889,6638319087.0
2025-11-14,688981.SH,中芯国际,123.0,125.5,117.89,118.18,775294,9432871553.0
2025-11-17,688981.SH,中芯国际,116.82,119.29,116.51,117.63,421773,4961789944.0
2025-11-18,688981.SH,中芯国际,117.5,120.18,117.13,117.96,473915,5629538134.0
2025-11-19,688981.SH,中芯国际,117.99,118.49,115.51,116.28,415120,4848790041.0
2025-11-20,688981.SH,中芯国际,117.99,118.29,116.46,116.78,344703,4045624435.0
2025-11-21,688981.SH,中芯国际,113.86,116.08,113.0,113.0,461359,5264860634.0
2025-11-24,688981.SH,中芯国际,112.99,113.5,108.18,111.51,557909,6159093355.0
2025-11-25,688981.SH,中芯国际,112.5,113.96,111.37,111.68,407224,4584278768.0
2025-11-26,688981.SH,中芯国际,110.7,113.9,110.61,112.71,419554,4731195304.0
2025-11-27,688981.SH,中芯国际,113.8,116.8,112.56,112.71,523431,6012840143.0
2025-11-28,688981.SH,中芯国际,112.71,114.11,111.4,113.6,308664,3486790036.0
2025-12-01,688981.SH,中芯国际,113.4,114.68,112.6,114.4,327640,3724984486.0
2025-12-02,688981.SH,中芯国际,114.1,114.19,112.7,113.0,237772,2694922636.0
2025-12-03,688981.SH,中芯国际,112.8,113.69,111.13,111.62,245414,2756774410.0
2025-12-04,688981.SH,中芯国际,111.65,114.73,110.98,114.73,387552,4392462735.0
2025-12-05,688981.SH,中芯国际,114.0,114.88,112.5,114.18,352654,4015690336.0
2025-12-08,688981.SH,中芯国际,114.21,118.0,114.18,117.2,508360,5945081548.0
2025-12-09,688981.SH,中芯国际,115.58,117.9,115.51,116.32,371384,4333826426.0
2025-12-10,688981.SH,中芯国际,115.58,116.59,113.44,116.31,315715,3624511935.0
2025-12-11,688981.SH,中芯国际,116.53,117.14,113.5,113.61,303109,3488207042.0
2025-12-12,688981.SH,中芯国际,113.61,117.42,111.6,116.8,584998,6734945965.0
2025-12-15,688981.SH,中芯国际,115.15,116.5,113.0,113.01,342417,3933791146.0
2025-12-16,688981.SH,中芯国际,112.5,113.35,110.27,110.7,323380,3605859884.0
2025-12-17,688981.SH,中芯国际,110.82,113.9,110.13,113.29,343893,3848931232.0
2025-12-18,688981.SH,中芯国际,112.8,115.72,112.75,112.8,314700,3583327202.0
2025-12-19,688981.SH,中芯国际,113.2,115.48,113.0,113.63,272613,3107493842.0
2025-12-22,688981.SH,中芯国际,114.6,121.44,114.6,120.45,810114,9622360396.0
2025-12-23,688981.SH,中芯国际,120.5,121.58,119.02,119.9,483601,5823920043.0
2025-12-24,688981.SH,中芯国际,122.5,124.38,121.11,123.41,629561,7744549160.0
2025-12-25,688981.SH,中芯国际,123.0,125.99,122.66,123.08,471810,5854142202.0
2025-12-26,688981.SH,中芯国际,122.58,124.79,121.16,122.1,402398,4938389580.0
2025-12-29,688981.SH,中芯国际,123.0,125.65,122.02,122.5,506832,6280270177.0
2025-12-30,688981.SH,中芯国际,124.45,126.69,124.0,125.28,604958,7582347029.0
2025-12-31,688981.SH,中芯国际,125.99,126.2,122.4,122.83,411587,5082728445.0
2026-01-05,688981.SH,中芯国际,126.84,130.17,126.2,129.95,911394,11742866839.0
2026-01-06,688981.SH,中芯国际,129.0,134.2,128.77,131.84,730697,9623978218.0
2026-01-07,688981.SH,中芯国际,131.84,132.82,128.85,129.98,598041,7783876099.0
2026-01-08,688981.SH,中芯国际,128.95,134.68,128.91,130.15,616919,8145423327.0
2026-01-09,688981.SH,中芯国际,129.15,130.01,127.77,128.88,511275,6581947276.0
2026-01-12,688981.SH,中芯国际,128.52,129.62,126.68,127.66,563936,7202156993.0
2026-01-13,688981.SH,中芯国际,127.49,128.15,122.86,123.63,652073,8154109676.0
2026-01-14,688981.SH,中芯国际,123.51,127.6,123.5,124.49,649684,8155390623.0
2026-01-15,688981.SH,中芯国际,123.49,125.5,122.33,124.44,556604,6895087600.0
2026-01-16,688981.SH,中芯国际,127.5,128.82,124.88,126.99,756513,9597582828.0
2026-01-19,688981.SH,中芯国际,127.05,128.5,125.12,125.29,477537,6024303737.0
2026-01-20,688981.SH,中芯国际,125.0,125.5,121.81,122.18,508694,6261665024.0
2026-01-21,688981.SH,中芯国际,120.93,128.89,120.58,127.19,970525,12294760582.0
2026-01-22,688981.SH,中芯国际,128.98,130.82,125.57,126.8,648095,8268996066.0
2026-01-23,688981.SH,中芯国际,126.8,127.37,124.03,124.96,490631,6130483631.0
2026-01-26,688981.SH,中芯国际,124.01,125.88,121.9,121.92,502567,6184618809.0
2026-01-27,688981.SH,中芯国际,122.0,125.74,119.22,124.05,655262,8023170133.0
2026-01-28,688981.SH,中芯国际,124.99,128.99,124.99,128.55,994583,12644229527.0
2026-01-29,688981.SH,中芯国际,127.6,127.81,122.16,122.4,715649,8897091559.0
2026-01-30,688981.SH,中芯国际,121.33,124.94,120.07,122.97,527719,6468951529.0
2026-02-02,688981.SH,中芯国际,121.4,122.59,116.8,117.06,596691,7104970928.0
2026-02-03,688981.SH,中芯国际,118.69,118.84,113.46,116.03,561770,6500024016.0
2026-02-04,688981.SH,中芯国际,114.5,114.99,113.15,114.84,351393,4005035637.0
2026-02-05,688981.SH,中芯国际,112.99,114.5,110.39,111.8,446448,4982588635.0
2026-02-06,688981.SH,中芯国际,110.14,114.6,110.14,112.7,408227,4597784625.0
2026-02-09,688981.SH,中芯国际,114.8,115.07,113.7,114.93,321018,3676020764.0
2026-02-10,688981.SH,中芯国际,115.2,116.9,114.85,116.2,340437,3949080645.0
2026-02-11,688981.SH,中芯国际,114.0,116.14,113.5,115.01,345337,3955491126.0
2026-02-12,688981.SH,中芯国际,115.55,117.18,115.11,116.58,333623,3880738366.0
2026-02-13,688981.SH,中芯国际,116.23,117.98,115.56,116.93,343687,4020570460.0
2026-02-24,688981.SH,中芯国际,118.03,118.18,115.62,115.82,276156,3217730655.0
2026-02-25,688981.SH,中芯国际,117.0,117.5,115.85,116.13,275529,3214693555.0
2026-02-26,688981.SH,中芯国际,116.13,117.23,114.29,116.65,327022,3787597479.0
2026-02-27,688981.SH,中芯国际,115.03,115.87,114.32,115.0,279309,3213704146.0
2026-03-02,688981.SH,中芯国际,112.88,114.2,112.3,112.53,349785,3952733063.0
2026-03-03,688981.SH,中芯国际,113.23,114.75,107.69,108.31,540987,5976584863.0
2026-03-04,688981.SH,中芯国际,107.32,109.7,106.12,106.69,322750,3470640119.0
2026-03-05,688981.SH,中芯国际,108.6,109.26,106.09,106.9,353532,3803229096.0
2026-03-06,688981.SH,中芯国际,107.0,108.34,106.17,106.5,340486,3648254394.0
2026-03-09,688981.SH,中芯国际,103.97,105.79,101.63,105.14,393560,4065897450.0
2026-03-10,688981.SH,中芯国际,106.9,107.75,105.7,107.28,318322,3400130457.0
2026-03-11,688981.SH,中芯国际,107.23,108.8,107.0,107.1,279983,3016803608.0
2026-03-12,688981.SH,中芯国际,107.0,108.55,104.95,106.01,288820,3075181737.0
2026-03-13,688981.SH,中芯国际,105.02,107.83,104.5,107.06,341633,3642164903.0
2026-03-16,688981.SH,中芯国际,106.31,110.32,105.5,108.6,422555,4559220659.0
2026-03-17,688981.SH,中芯国际,108.54,108.58,105.99,106.02,295718,3173439586.0
2026-03-18,688981.SH,中芯国际,105.78,106.88,105.25,106.6,263346,2794678901.0
2026-03-19,688981.SH,中芯国际,105.01,107.69,104.51,105.96,378656,4001785717.0
2026-03-20,688981.SH,中芯国际,105.2,105.72,102.18,102.18,381295,3960183826.0
2026-03-23,688981.SH,中芯国际,100.01,101.99,97.4,98.04,506671,5040929175.0
2026-03-24,688981.SH,中芯国际,98.9,99.37,97.25,99.25,336803,3314641850.0
2026-03-25,688981.SH,中芯国际,99.67,100.94,99.28,99.99,321306,3215491219.0
2026-03-26,688981.SH,中芯国际,99.55,99.7,96.55,96.88,313199,3067688006.0
2026-03-27,688981.SH,中芯国际,96.0,98.39,95.87,97.5,280875,2738255865.0
2026-03-30,688981.SH,中芯国际,95.8,96.19,94.0,95.83,328870,3130020525.0
2026-03-31,688981.SH,中芯国际,95.8,97.4,94.0,94.05,293839,2809492923.0
2026-04-01,688981.SH,中芯国际,96.4,96.7,94.81,96.33,325648,3121615312.0
2026-04-02,688981.SH,中芯国际,95.5,95.79,92.51,93.2,293828,2760191974.0
2026-04-03,688981.SH,中芯国际,93.41,93.94,91.76,91.78,216462,2004261620.0
2026-04-07,688981.SH,中芯国际,91.5,96.99,91.2,95.62,458242,4340589110.0
2026-04-08,688981.SH,中芯国际,99.02,101.54,99.02,101.18,544697,5458085866.0
2026-04-09,688981.SH,中芯国际,99.4,101.2,99.2,99.72,310717,3111335889.0
2026-04-10,688981.SH,中芯国际,101.0,102.79,100.68,101.01,406305,4130861809.0
2026-04-13,688981.SH,中芯国际,99.85,102.8,99.72,100.64,351885,3554994262.0
2026-04-14,688981.SH,中芯国际,102.1,102.28,100.38,101.52,370911,3760621304.0
2026-04-15,688981.SH,中芯国际,102.05,106.1,101.8,103.91,704839,7336887912.0
2026-04-16,688981.SH,中芯国际,103.5,105.0,103.0,104.18,393721,4092706420.0
2026-04-17,688981.SH,中芯国际,103.82,107.3,103.27,105.23,503755,5313222520.0
2026-04-20,688981.SH,中芯国际,105.93,108.6,105.01,107.96,547703,5872447693.0
2026-04-21,688981.SH,中芯国际,107.33,108.15,105.68,107.46,372584,3976054595.0
2026-04-22,688981.SH,中芯国际,106.8,108.08,106.5,107.87,375217,4023321890.0
2026-04-23,688981.SH,中芯国际,108.88,109.12,105.2,105.98,441491,4724880090.0
2026-04-24,688981.SH,中芯国际,105.58,113.25,104.61,110.96,910704,9980491748.0
2026-04-27,688981.SH,中芯国际,113.25,117.69,112.6,116.58,970296,11249548325.0
2026-04-28,688981.SH,中芯国际,115.24,117.64,113.02,114.0,625007,7209850228.0
2026-04-29,688981.SH,中芯国际,113.35,113.82,109.78,112.47,514883,5750212698.0
2026-04-30,688981.SH,中芯国际,113.31,119.88,113.3,118.73,1018383,11911527206.0
2026-05-06,688981.SH,中芯国际,122.0,128.12,121.74,123.1,1292941,16176667799.0
2026-05-07,688981.SH,中芯国际,125.11,127.48,122.22,125.34,842774,10482928520.0
2026-05-08,688981.SH,中芯国际,122.9,123.19,120.05,120.31,708618,8595731864.0
2026-05-11,688981.SH,中芯国际,122.99,124.57,121.9,122.52,814860,10017304327.0
2026-05-12,688981.SH,中芯国际,124.44,125.44,120.0,121.98,817732,10018643228.0
2026-05-13,688981.SH,中芯国际,119.0,122.5,116.04,121.86,954951,11374279337.0
2026-05-14,688981.SH,中芯国际,121.92,124.04,117.0,117.9,790650,9451219953.0
2026-05-15,688981.SH,中芯国际,121.0,125.0,118.48,119.02,1328101,16152497227.0
2026-05-18,688981.SH,中芯国际,117.4,120.34,115.6,117.62,748969,8855418364.0
2026-05-19,688981.SH,中芯国际,116.16,118.88,112.68,118.82,840270,9713877346.0
2026-05-20,688981.SH,中芯国际,118.0,136.63,117.5,133.81,2248801,28996720135.0
2026-05-21,688981.SH,中芯国际,134.0,137.63,127.1,127.22,1546777,20601829525.0
2026-05-22,688981.SH,中芯国际,129.33,132.18,126.5,131.33,1199478,15516843653.0
2026-05-25,688981.SH,中芯国际,136.0,157.6,136.0,156.0,2521802,37253708024.0
2026-05-26,688981.SH,中芯国际,150.73,154.44,145.5,149.18,1799242,26787296677.0
2026-05-27,688981.SH,中芯国际,150.0,153.52,145.0,146.22,1234984,18473692356.0
2026-05-28,688981.SH,中芯国际,146.0,159.05,146.0,153.7,1608232,24822318598.0
2026-05-29,688981.SH,中芯国际,150.92,152.38,138.49,139.91,1536813,22138462395.0
2026-06-01,688981.SH,中芯国际,139.76,140.8,132.04,132.44,1008849,13645017172.0
2026-06-02,688981.SH,中芯国际,132.98,135.5,129.3,132.48,923688,12256037221.0
2026-06-03,688981.SH,中芯国际,132.0,138.75,131.85,134.0,992127,13487781965.0
2026-06-04,688981.SH,中芯国际,131.0,137.57,130.0,134.88,778527,10493292686.0
2026-06-05,688981.SH,中芯国际,131.0,134.75,126.7,127.4,934574,12150117807.0
2026-06-08,688981.SH,中芯国际,120.0,124.28,120.0,121.92,781226,9545783582.0
2026-06-09,688981.SH,中芯国际,123.5,128.03,120.89,127.3,769663,9607775526.0
2026-06-10,688981.SH,中芯国际,125.0,131.18,124.5,125.34,669094,8511488618.0
2026-06-11,688981.SH,中芯国际,124.0,129.08,123.01,127.4,626276,7935636355.0
2026-06-12,688981.SH,中芯国际,131.64,134.87,124.37,124.88,817437,10575818607.0
2026-06-15,688981.SH,中芯国际,128.59,131.0,124.89,130.52,728604,9404695623.0
2026-06-16,688981.SH,中芯国际,131.0,134.34,127.93,130.14,745583,9738547521.0
2026-06-17,688981.SH,中芯国际,127.91,134.88,126.68,134.7,963562,12699097858.0
2026-06-18,688981.SH,中芯国际,136.11,144.63,132.88,140.7,1244937,17289251600.0
